suite,task_id,scenario_id,model_id,init_id,track_id,track,n_success,n_total,fail_count,fail_rate,failure_type,x_dim,y_dim,T,q2,r2,inv_r2_db,mse_mean,mse_std,mse_sem,mse_ci95,mse_db_mean,mse_db_std,mse_db_sem,mse_db_ci95,rmse_mean,rmse_std,rmse_sem,rmse_ci95,timing_ms_per_step_mean,timing_ms_per_step_std,timing_ms_per_step_sem,timing_ms_per_step_ci95,recovery_k_mean,recovery_k_std,recovery_k_sem,recovery_k_ci95,nll_mean,nll_std,nll_sem,nll_ci95,train_time_s_mean,train_time_s_median,eval_time_s_mean,eval_time_s_median,adapt_time_s_mean,adapt_time_s_median,total_time_s_mean,total_time_s_median,train_updates_used_mean,train_updates_used_median,train_outer_updates_used_mean,train_outer_updates_used_median,train_inner_updates_used_mean,train_inner_updates_used_median,adapt_updates_used_mean,adapt_updates_used_median,adapt_updates_per_step_max_mean,adapt_updates_per_step_max_median,cache_enabled_rate,cache_hit_rate,train_skipped_rate,severity_r_scale_mean,t0_mean
all_simple_tiny,A_linear_canonical_v0,eb80d13a14d9,adaptive_knet,unknown,budgeted,budgeted,0,1,1,1.0,,,,,,,,,,,,,,,,,,,,,,,,,,,,,,,,,,,,,,,,,,,,,,,,,,,,,,
all_simple_tiny,A_linear_canonical_v0,eb80d13a14d9,adaptive_knet,unknown,frozen,frozen,0,1,1,1.0,,,,,,,,,,,,,,,,,,,,,,,,,,,,,,,,,,,,,,,,,,,,,,,,,,,,,,
all_simple_tiny,A_linear_canonical_v0,eb80d13a14d9,kalmannet_tsp,unknown,budgeted,budgeted,0,1,1,1.0,,,,,,,,,,,,,,,,,,,,,,,,,,,,,,,,,,,,,,,,,,,,,,,,,,,,,,
all_simple_tiny,A_linear_canonical_v0,eb80d13a14d9,kalmannet_tsp,unknown,frozen,frozen,0,1,1,1.0,,,,,,,,,,,,,,,,,,,,,,,,,,,,,,,,,,,,,,,,,,,,,,,,,,,,,,
all_simple_tiny,A_linear_canonical_v0,eb80d13a14d9,maml_knet,unknown,budgeted,budgeted,0,1,1,1.0,,,,,,,,,,,,,,,,,,,,,,,,,,,,,,,,,,,,,,,,,,,,,,,,,,,,,,
all_simple_tiny,A_linear_canonical_v0,eb80d13a14d9,maml_knet,unknown,frozen,frozen,0,1,1,1.0,,,,,,,,,,,,,,,,,,,,,,,,,,,,,,,,,,,,,,,,,,,,,,,,,,,,,,
all_simple_tiny,A_linear_canonical_v0,eb80d13a14d9,mb_kf_nominal,unknown,budgeted,budgeted,0,1,1,1.0,,,,,,,,,,,,,,,,,,,,,,,,,,,,,,,,,,,,,,,,,,,,,,,,,,,,,,
all_simple_tiny,A_linear_canonical_v0,eb80d13a14d9,mb_kf_nominal,unknown,frozen,frozen,0,1,1,1.0,,,,,,,,,,,,,,,,,,,,,,,,,,,,,,,,,,,,,,,,,,,,,,,,,,,,,,
all_simple_tiny,A_linear_canonical_v0,eb80d13a14d9,mb_kf_oracle,unknown,budgeted,budgeted,0,1,1,1.0,,,,,,,,,,,,,,,,,,,,,,,,,,,,,,,,,,,,,,,,,,,,,,,,,,,,,,
all_simple_tiny,A_linear_canonical_v0,eb80d13a14d9,mb_kf_oracle,unknown,frozen,frozen,0,1,1,1.0,,,,,,,,,,,,,,,,,,,,,,,,,,,,,,,,,,,,,,,,,,,,,,,,,,,,,,
all_simple_tiny,A_linear_canonical_v0,eb80d13a14d9,split_knet,unknown,budgeted,budgeted,0,1,1,1.0,,,,,,,,,,,,,,,,,,,,,,,,,,,,,,,,,,,,,,,,,,,,,,,,,,,,,,
all_simple_tiny,A_linear_canonical_v0,eb80d13a14d9,split_knet,unknown,frozen,frozen,0,1,1,1.0,,,,,,,,,,,,,,,,,,,,,,,,,,,,,,,,,,,,,,,,,,,,,,,,,,,,,,
all_simple_tiny,B_lorenz_dt_v0,e62695e09c61,adaptive_knet,trained,frozen,frozen,0,1,1,1.0,policy_violation,,,,,,,,,,,,,,,,,,,,,,,,,,,,,,,,,,,,,,,,,,,,,,,,,0.0,,,,
all_simple_tiny,B_lorenz_dt_v0,e62695e09c61,adaptive_knet,unknown,budgeted,budgeted,0,1,1,1.0,,,,,,,,,,,,,,,,,,,,,,,,,,,,,,,,,,,,,,,,,,,,,,,,,,,,,,
all_simple_tiny,B_lorenz_dt_v0,e62695e09c61,adaptive_knet,untrained,frozen,frozen,1,1,0,0.0,,3,2,80,0.0001,0.1,10.0,193001987306881.66,0.0,0.0,0.0,142.85561780883262,0.0,0.0,0.0,13892515.514005434,0.0,0.0,0.0,0.3663228078134277,0.0,0.0,0.0,,,,,,,,,,,0.7033397910017811,0.7033397910017811,,,0.7033397910017811,0.7033397910017811,0.0,0.0,0.0,0.0,0.0,0.0,0.0,0.0,0.0,0.0,0.0,,,,
all_simple_tiny,B_lorenz_dt_v0,e62695e09c61,kalmannet_tsp,trained,frozen,frozen,0,1,1,1.0,policy_violation,,,,,,,,,,,,,,,,,,,,,,,,,,,,,,,,,,,,,,,,,,,,,,,,,0.0,,,,
all_simple_tiny,B_lorenz_dt_v0,e62695e09c61,kalmannet_tsp,unknown,budgeted,budgeted,0,1,1,1.0,,,,,,,,,,,,,,,,,,,,,,,,,,,,,,,,,,,,,,,,,,,,,,,,,,,,,,
all_simple_tiny,B_lorenz_dt_v0,e62695e09c61,kalmannet_tsp,untrained,frozen,frozen,1,1,0,0.0,,3,2,80,0.0001,0.1,10.0,293.43533035155434,0.0,0.0,0.0,24.6751240280301,0.0,0.0,0.0,17.1299541841639,0.0,0.0,0.0,0.30856411562467656,0.0,0.0,0.0,,,,,,,,,,,0.592443101999379,0.592443101999379,,,0.592443101999379,0.592443101999379,0.0,0.0,0.0,0.0,0.0,0.0,0.0,0.0,0.0,0.0,0.0,,,,
all_simple_tiny,B_lorenz_dt_v0,e62695e09c61,maml_knet,trained,frozen,frozen,1,1,0,0.0,,3,2,80,0.0001,0.1,10.0,9.957530108851161e+22,0.0,0.0,0.0,229.9815162827124,0.0,0.0,0.0,315555543587.0389,0.0,0.0,0.0,0.14039724010406948,0.0,0.0,0.0,,,,,,,,,,,0.2695627009998134,0.2695627009998134,,,0.2695627009998134,0.2695627009998134,8.0,8.0,8.0,8.0,16.0,16.0,0.0,0.0,0.0,0.0,0.0,,,,
all_simple_tiny,B_lorenz_dt_v0,e62695e09c61,maml_knet,unknown,budgeted,budgeted,0,1,1,1.0,,,,,,,,,,,,,,,,,,,,,,,,,,,,,,,,,,,,,,,,,,,,,,,,,,,,,,
all_simple_tiny,B_lorenz_dt_v0,e62695e09c61,maml_knet,untrained,frozen,frozen,1,1,0,0.0,,3,2,80,0.0001,0.1,10.0,9.957530108851161e+22,0.0,0.0,0.0,229.9815162827124,0.0,0.0,0.0,315555543587.0389,0.0,0.0,0.0,0.19387468698065882,0.0,0.0,0.0,,,,,,,,,,,0.37223939900286496,0.37223939900286496,,,0.37223939900286496,0.37223939900286496,0.0,0.0,0.0,0.0,0.0,0.0,0.0,0.0,0.0,0.0,0.0,,,,
all_simple_tiny,B_lorenz_dt_v0,e62695e09c61,mb_kf_nominal,unknown,budgeted,budgeted,0,1,1,1.0,,,,,,,,,,,,,,,,,,,,,,,,,,,,,,,,,,,,,,,,,,,,,,,,,,,,,,
all_simple_tiny,B_lorenz_dt_v0,e62695e09c61,mb_kf_nominal,untrained,frozen,frozen,1,1,0,0.0,,3,2,80,0.0001,0.1,10.0,72.01271505999352,0.0,0.0,0.0,18.574091852209257,0.0,0.0,0.0,8.4860305832582,0.0,0.0,0.0,0.17958495937477892,0.0,0.0,0.0,,,,,,,,,,,0.3448031219995755,0.3448031219995755,,,0.3448031219995755,0.3448031219995755,0.0,0.0,0.0,0.0,0.0,0.0,0.0,0.0,0.0,0.0,0.0,,,,
all_simple_tiny,B_lorenz_dt_v0,e62695e09c61,mb_kf_oracle,unknown,budgeted,budgeted,0,1,1,1.0,,,,,,,,,,,,,,,,,,,,,,,,,,,,,,,,,,,,,,,,,,,,,,,,,,,,,,
all_simple_tiny,B_lorenz_dt_v0,e62695e09c61,mb_kf_oracle,untrained,frozen,frozen,1,1,0,0.0,,3,2,80,0.0001,0.1,10.0,72.01271505999352,0.0,0.0,0.0,18.574091852209257,0.0,0.0,0.0,8.4860305832582,0.0,0.0,0.0,0.18056053854138554,0.0,0.0,0.0,,,,,,,,,,,0.34667623399946024,0.34667623399946024,,,0.34667623399946024,0.34667623399946024,0.0,0.0,0.0,0.0,0.0,0.0,0.0,0.0,0.0,0.0,0.0,,,,
all_simple_tiny,B_lorenz_dt_v0,e62695e09c61,split_knet,trained,frozen,frozen,0,1,1,1.0,policy_violation,,,,,,,,,,,,,,,,,,,,,,,,,,,,,,,,,,,,,,,,,,,,,,,,,0.0,,,,
all_simple_tiny,B_lorenz_dt_v0,e62695e09c61,split_knet,unknown,budgeted,budgeted,0,1,1,1.0,,,,,,,,,,,,,,,,,,,,,,,,,,,,,,,,,,,,,,,,,,,,,,,,,,,,,,
all_simple_tiny,B_lorenz_dt_v0,e62695e09c61,split_knet,untrained,frozen,frozen,1,1,0,0.0,,3,2,80,0.0001,0.1,10.0,110.73742905196971,0.0,0.0,0.0,20.442944364460615,0.0,0.0,0.0,10.523185309209836,0.0,0.0,0.0,2.028233031772212,0.0,0.0,0.0,,,,,,,,,,,3.8942074210026476,3.8942074210026476,,,3.8942074210026476,3.8942074210026476,0.0,0.0,0.0,0.0,0.0,0.0,0.0,0.0,0.0,0.0,0.0,,,,
all_simple_tiny,C_shift_Rscale_v0,582474f2e1b2,adaptive_knet,unknown,budgeted,budgeted,0,1,1,1.0,,,,,,,,,,,,,,,,,,,,,,,,,,,,,,,,,,,,,,,,,,,,,,,,,,,,,,
all_simple_tiny,C_shift_Rscale_v0,582474f2e1b2,adaptive_knet,unknown,frozen,frozen,0,1,1,1.0,,,,,,,,,,,,,,,,,,,,,,,,,,,,,,,,,,,,,,,,,,,,,,,,,,,,,,
all_simple_tiny,C_shift_Rscale_v0,582474f2e1b2,kalmannet_tsp,unknown,budgeted,budgeted,0,1,1,1.0,,,,,,,,,,,,,,,,,,,,,,,,,,,,,,,,,,,,,,,,,,,,,,,,,,,,,,
all_simple_tiny,C_shift_Rscale_v0,582474f2e1b2,kalmannet_tsp,unknown,frozen,frozen,0,1,1,1.0,,,,,,,,,,,,,,,,,,,,,,,,,,,,,,,,,,,,,,,,,,,,,,,,,,,,,,
all_simple_tiny,C_shift_Rscale_v0,582474f2e1b2,maml_knet,unknown,budgeted,budgeted,0,1,1,1.0,,,,,,,,,,,,,,,,,,,,,,,,,,,,,,,,,,,,,,,,,,,,,,,,,,,,,,
all_simple_tiny,C_shift_Rscale_v0,582474f2e1b2,maml_knet,unknown,frozen,frozen,0,1,1,1.0,,,,,,,,,,,,,,,,,,,,,,,,,,,,,,,,,,,,,,,,,,,,,,,,,,,,,,
all_simple_tiny,C_shift_Rscale_v0,582474f2e1b2,mb_kf_nominal,unknown,budgeted,budgeted,0,1,1,1.0,,,,,,,,,,,,,,,,,,,,,,,,,,,,,,,,,,,,,,,,,,,,,,,,,,,,,,
all_simple_tiny,C_shift_Rscale_v0,582474f2e1b2,mb_kf_nominal,unknown,frozen,frozen,0,1,1,1.0,,,,,,,,,,,,,,,,,,,,,,,,,,,,,,,,,,,,,,,,,,,,,,,,,,,,,,
all_simple_tiny,C_shift_Rscale_v0,582474f2e1b2,mb_kf_oracle,unknown,budgeted,budgeted,0,1,1,1.0,,,,,,,,,,,,,,,,,,,,,,,,,,,,,,,,,,,,,,,,,,,,,,,,,,,,,,
all_simple_tiny,C_shift_Rscale_v0,582474f2e1b2,mb_kf_oracle,unknown,frozen,frozen,0,1,1,1.0,,,,,,,,,,,,,,,,,,,,,,,,,,,,,,,,,,,,,,,,,,,,,,,,,,,,,,
all_simple_tiny,C_shift_Rscale_v0,582474f2e1b2,split_knet,unknown,budgeted,budgeted,0,1,1,1.0,,,,,,,,,,,,,,,,,,,,,,,,,,,,,,,,,,,,,,,,,,,,,,,,,,,,,,
all_simple_tiny,C_shift_Rscale_v0,582474f2e1b2,split_knet,unknown,frozen,frozen,0,1,1,1.0,,,,,,,,,,,,,,,,,,,,,,,,,,,,,,,,,,,,,,,,,,,,,,,,,,,,,,
all_simple_tiny,D_nclt_v0,21440eb42dca,adaptive_knet,unknown,budgeted,budgeted,0,1,1,1.0,,,,,,,,,,,,,,,,,,,,,,,,,,,,,,,,,,,,,,,,,,,,,,,,,,,,,,
all_simple_tiny,D_nclt_v0,21440eb42dca,adaptive_knet,unknown,frozen,frozen,0,1,1,1.0,,,,,,,,,,,,,,,,,,,,,,,,,,,,,,,,,,,,,,,,,,,,,,,,,,,,,,
all_simple_tiny,D_nclt_v0,21440eb42dca,kalmannet_tsp,unknown,budgeted,budgeted,0,1,1,1.0,,,,,,,,,,,,,,,,,,,,,,,,,,,,,,,,,,,,,,,,,,,,,,,,,,,,,,
all_simple_tiny,D_nclt_v0,21440eb42dca,kalmannet_tsp,unknown,frozen,frozen,0,1,1,1.0,,,,,,,,,,,,,,,,,,,,,,,,,,,,,,,,,,,,,,,,,,,,,,,,,,,,,,
all_simple_tiny,D_nclt_v0,21440eb42dca,maml_knet,unknown,budgeted,budgeted,0,1,1,1.0,,,,,,,,,,,,,,,,,,,,,,,,,,,,,,,,,,,,,,,,,,,,,,,,,,,,,,
all_simple_tiny,D_nclt_v0,21440eb42dca,maml_knet,unknown,frozen,frozen,0,1,1,1.0,,,,,,,,,,,,,,,,,,,,,,,,,,,,,,,,,,,,,,,,,,,,,,,,,,,,,,
all_simple_tiny,D_nclt_v0,21440eb42dca,mb_kf_nominal,unknown,budgeted,budgeted,0,1,1,1.0,,,,,,,,,,,,,,,,,,,,,,,,,,,,,,,,,,,,,,,,,,,,,,,,,,,,,,
all_simple_tiny,D_nclt_v0,21440eb42dca,mb_kf_nominal,unknown,frozen,frozen,0,1,1,1.0,,,,,,,,,,,,,,,,,,,,,,,,,,,,,,,,,,,,,,,,,,,,,,,,,,,,,,
all_simple_tiny,D_nclt_v0,21440eb42dca,mb_kf_oracle,unknown,budgeted,budgeted,0,1,1,1.0,,,,,,,,,,,,,,,,,,,,,,,,,,,,,,,,,,,,,,,,,,,,,,,,,,,,,,
all_simple_tiny,D_nclt_v0,21440eb42dca,mb_kf_oracle,unknown,frozen,frozen,0,1,1,1.0,,,,,,,,,,,,,,,,,,,,,,,,,,,,,,,,,,,,,,,,,,,,,,,,,,,,,,
all_simple_tiny,D_nclt_v0,21440eb42dca,split_knet,unknown,budgeted,budgeted,0,1,1,1.0,,,,,,,,,,,,,,,,,,,,,,,,,,,,,,,,,,,,,,,,,,,,,,,,,,,,,,
all_simple_tiny,D_nclt_v0,21440eb42dca,split_knet,unknown,frozen,frozen,0,1,1,1.0,,,,,,,,,,,,,,,,,,,,,,,,,,,,,,,,,,,,,,,,,,,,,,,,,,,,,,
