suite,task_id,scenario_id,model_id,seed,init_id,track_id,track,status,failure_type,failure_stage,mse,mse_db,rmse,x_dim,y_dim,T,q2,r2,inv_r2_db,nll,recovery_k,t0,severity_r_scale,timing_ms_per_step,train_time_s,eval_time_s,adapt_time_s,total_time_s,train_updates_used,train_outer_updates_used,train_inner_updates_used,adapt_updates_used,adapt_updates_per_step_max,train_max_updates,adapt_max_updates,adapt_max_updates_per_step,cache_enabled,cache_hit,train_skipped,cache_key,run_dir,error
all_simple,A_linear_canonical_v0,06209f282652,adaptive_knet,0,trained,frozen,frozen,failed,train_nan,train,,,,,,,,,,,,,,,,,,,,,,,,,,,False,False,False,,/home/xynus/bench/runs/all_simple/A_linear_canonical_v0/adaptive_knet/frozen/seed_0/scenario_06209f282652/init_trained,FloatingPointError: train_nan: non-finite training loss at update=0
all_simple,A_linear_canonical_v0,1ecac97e72d8,adaptive_knet,0,trained,frozen,frozen,failed,train_nan,train,,,,,,,,,,,,,,,,,,,,,,,,,,,False,False,False,,/home/xynus/bench/runs/all_simple/A_linear_canonical_v0/adaptive_knet/frozen/seed_0/scenario_1ecac97e72d8/init_trained,FloatingPointError: train_nan: non-finite training loss at update=0
all_simple,A_linear_canonical_v0,2a5fc6ce49c8,adaptive_knet,0,trained,frozen,frozen,failed,train_nan,train,,,,,,,,,,,,,,,,,,,,,,,,,,,False,False,False,,/home/xynus/bench/runs/all_simple/A_linear_canonical_v0/adaptive_knet/frozen/seed_0/scenario_2a5fc6ce49c8/init_trained,FloatingPointError: train_nan: non-finite training loss at update=0
all_simple,A_linear_canonical_v0,6342acad14a9,adaptive_knet,0,trained,frozen,frozen,failed,train_nan,train,,,,,,,,,,,,,,,,,,,,,,,,,,,False,False,False,,/home/xynus/bench/runs/all_simple/A_linear_canonical_v0/adaptive_knet/frozen/seed_0/scenario_6342acad14a9/init_trained,FloatingPointError: train_nan: non-finite training loss at update=0
all_simple,A_linear_canonical_v0,8d508046a042,adaptive_knet,0,trained,frozen,frozen,failed,train_nan,train,,,,,,,,,,,,,,,,,,,,,,,,,,,False,False,False,,/home/xynus/bench/runs/all_simple/A_linear_canonical_v0/adaptive_knet/frozen/seed_0/scenario_8d508046a042/init_trained,FloatingPointError: train_nan: non-finite training loss at update=0
all_simple,A_linear_canonical_v0,b24c25d48dde,adaptive_knet,0,trained,frozen,frozen,failed,train_nan,train,,,,,,,,,,,,,,,,,,,,,,,,,,,False,False,False,,/home/xynus/bench/runs/all_simple/A_linear_canonical_v0/adaptive_knet/frozen/seed_0/scenario_b24c25d48dde/init_trained,FloatingPointError: train_nan: non-finite training loss at update=0
all_simple,A_linear_canonical_v0,c216f8adbad4,adaptive_knet,0,trained,frozen,frozen,failed,train_nan,train,,,,,,,,,,,,,,,,,,,,,,,,,,,False,False,False,,/home/xynus/bench/runs/all_simple/A_linear_canonical_v0/adaptive_knet/frozen/seed_0/scenario_c216f8adbad4/init_trained,FloatingPointError: train_nan: non-finite training loss at update=0
all_simple,A_linear_canonical_v0,e430cbdcf2b5,adaptive_knet,0,trained,frozen,frozen,failed,train_nan,train,,,,,,,,,,,,,,,,,,,,,,,,,,,False,False,False,,/home/xynus/bench/runs/all_simple/A_linear_canonical_v0/adaptive_knet/frozen/seed_0/scenario_e430cbdcf2b5/init_trained,FloatingPointError: train_nan: non-finite training loss at update=0
all_simple,A_linear_canonical_v0,eb80d13a14d9,adaptive_knet,0,trained,frozen,frozen,failed,train_nan,train,,,,,,,,,,,,,,,,,,,,,,,,,,,False,False,False,,/home/xynus/bench/runs/all_simple/A_linear_canonical_v0/adaptive_knet/frozen/seed_0/scenario_eb80d13a14d9/init_trained,FloatingPointError: train_nan: non-finite training loss at update=0
all_simple,A_linear_canonical_v0,ebdd3128c726,adaptive_knet,0,trained,frozen,frozen,failed,train_nan,train,,,,,,,,,,,,,,,,,,,,,,,,,,,False,False,False,,/home/xynus/bench/runs/all_simple/A_linear_canonical_v0/adaptive_knet/frozen/seed_0/scenario_ebdd3128c726/init_trained,FloatingPointError: train_nan: non-finite training loss at update=0
all_simple,A_linear_canonical_v0,fd75d1016844,adaptive_knet,0,trained,frozen,frozen,failed,train_nan,train,,,,,,,,,,,,,,,,,,,,,,,,,,,False,False,False,,/home/xynus/bench/runs/all_simple/A_linear_canonical_v0/adaptive_knet/frozen/seed_0/scenario_fd75d1016844/init_trained,FloatingPointError: train_nan: non-finite training loss at update=0
all_simple,A_linear_canonical_v0,06209f282652,adaptive_knet,0,unknown,budgeted,budgeted,missing,,,,,,,,,,,,,,,,,,,,,,,,,,,,,,,,,,
all_simple,A_linear_canonical_v0,1ecac97e72d8,adaptive_knet,0,unknown,budgeted,budgeted,missing,,,,,,,,,,,,,,,,,,,,,,,,,,,,,,,,,,
all_simple,A_linear_canonical_v0,2a5fc6ce49c8,adaptive_knet,0,unknown,budgeted,budgeted,missing,,,,,,,,,,,,,,,,,,,,,,,,,,,,,,,,,,
all_simple,A_linear_canonical_v0,6342acad14a9,adaptive_knet,0,unknown,budgeted,budgeted,missing,,,,,,,,,,,,,,,,,,,,,,,,,,,,,,,,,,
all_simple,A_linear_canonical_v0,8d508046a042,adaptive_knet,0,unknown,budgeted,budgeted,missing,,,,,,,,,,,,,,,,,,,,,,,,,,,,,,,,,,
all_simple,A_linear_canonical_v0,b24c25d48dde,adaptive_knet,0,unknown,budgeted,budgeted,missing,,,,,,,,,,,,,,,,,,,,,,,,,,,,,,,,,,
all_simple,A_linear_canonical_v0,c216f8adbad4,adaptive_knet,0,unknown,budgeted,budgeted,missing,,,,,,,,,,,,,,,,,,,,,,,,,,,,,,,,,,
all_simple,A_linear_canonical_v0,e430cbdcf2b5,adaptive_knet,0,unknown,budgeted,budgeted,missing,,,,,,,,,,,,,,,,,,,,,,,,,,,,,,,,,,
all_simple,A_linear_canonical_v0,eb80d13a14d9,adaptive_knet,0,unknown,budgeted,budgeted,missing,,,,,,,,,,,,,,,,,,,,,,,,,,,,,,,,,,
all_simple,A_linear_canonical_v0,ebdd3128c726,adaptive_knet,0,unknown,budgeted,budgeted,missing,,,,,,,,,,,,,,,,,,,,,,,,,,,,,,,,,,
all_simple,A_linear_canonical_v0,fd75d1016844,adaptive_knet,0,unknown,budgeted,budgeted,missing,,,,,,,,,,,,,,,,,,,,,,,,,,,,,,,,,,
all_simple,A_linear_canonical_v0,06209f282652,adaptive_knet,0,untrained,frozen,frozen,ok,,,inf,inf,inf,5,5,200,0.001,0.00031622776601683794,35.0,,,,,0.02943863340999087,,2.943863340999087,,2.943863340999087,0,0,0,0,0,100,0,0,False,False,False,,/home/xynus/bench/runs/all_simple/A_linear_canonical_v0/adaptive_knet/frozen/seed_0/scenario_06209f282652/init_untrained,
all_simple,A_linear_canonical_v0,1ecac97e72d8,adaptive_knet,0,untrained,frozen,frozen,ok,,,inf,inf,inf,5,5,200,0.001,0.03162277660168379,15.0,,,,,0.029893300759977138,,2.9893300759977137,,2.9893300759977137,0,0,0,0,0,100,0,0,False,False,False,,/home/xynus/bench/runs/all_simple/A_linear_canonical_v0/adaptive_knet/frozen/seed_0/scenario_1ecac97e72d8/init_untrained,
all_simple,A_linear_canonical_v0,2a5fc6ce49c8,adaptive_knet,0,untrained,frozen,frozen,ok,,,inf,inf,inf,5,5,200,0.001,0.0031622776601683794,25.0,,,,,0.029117062449986405,,2.9117062449986406,,2.9117062449986406,0,0,0,0,0,100,0,0,False,False,False,,/home/xynus/bench/runs/all_simple/A_linear_canonical_v0/adaptive_knet/frozen/seed_0/scenario_2a5fc6ce49c8/init_untrained,
all_simple,A_linear_canonical_v0,6342acad14a9,adaptive_knet,0,untrained,frozen,frozen,ok,,,inf,inf,inf,5,5,200,0.001,1.0,-0.0,,,,,0.031035970869997983,,3.103597086999798,,3.103597086999798,0,0,0,0,0,100,0,0,False,False,False,,/home/xynus/bench/runs/all_simple/A_linear_canonical_v0/adaptive_knet/frozen/seed_0/scenario_6342acad14a9/init_untrained,
all_simple,A_linear_canonical_v0,8d508046a042,adaptive_knet,0,untrained,frozen,frozen,ok,,,inf,inf,inf,5,5,200,0.001,3.1622776601683795,-5.0,,,,,0.029957830359999205,,2.9957830359999207,,2.9957830359999207,0,0,0,0,0,100,0,0,False,False,False,,/home/xynus/bench/runs/all_simple/A_linear_canonical_v0/adaptive_knet/frozen/seed_0/scenario_8d508046a042/init_untrained,
all_simple,A_linear_canonical_v0,b24c25d48dde,adaptive_knet,0,untrained,frozen,frozen,ok,,,inf,inf,inf,5,5,200,0.001,0.0001,40.0,,,,,0.02961397319999378,,2.961397319999378,,2.961397319999378,0,0,0,0,0,100,0,0,False,False,False,,/home/xynus/bench/runs/all_simple/A_linear_canonical_v0/adaptive_knet/frozen/seed_0/scenario_b24c25d48dde/init_untrained,
all_simple,A_linear_canonical_v0,c216f8adbad4,adaptive_knet,0,untrained,frozen,frozen,ok,,,inf,inf,inf,5,5,200,0.001,0.31622776601683794,5.0,,,,,0.030074805870026467,,3.0074805870026466,,3.0074805870026466,0,0,0,0,0,100,0,0,False,False,False,,/home/xynus/bench/runs/all_simple/A_linear_canonical_v0/adaptive_knet/frozen/seed_0/scenario_c216f8adbad4/init_untrained,
all_simple,A_linear_canonical_v0,e430cbdcf2b5,adaptive_knet,0,untrained,frozen,frozen,ok,,,inf,inf,inf,5,5,200,0.001,0.01,20.0,,,,,0.030102158859990596,,3.0102158859990595,,3.0102158859990595,0,0,0,0,0,100,0,0,False,False,False,,/home/xynus/bench/runs/all_simple/A_linear_canonical_v0/adaptive_knet/frozen/seed_0/scenario_e430cbdcf2b5/init_untrained,
all_simple,A_linear_canonical_v0,eb80d13a14d9,adaptive_knet,0,untrained,frozen,frozen,ok,,,inf,inf,inf,5,5,200,0.001,0.1,10.0,,,,,0.02989027403000364,,2.989027403000364,,2.989027403000364,0,0,0,0,0,100,0,0,False,False,False,,/home/xynus/bench/runs/all_simple/A_linear_canonical_v0/adaptive_knet/frozen/seed_0/scenario_eb80d13a14d9/init_untrained,
all_simple,A_linear_canonical_v0,ebdd3128c726,adaptive_knet,0,untrained,frozen,frozen,ok,,,inf,inf,inf,5,5,200,0.001,10.0,-10.0,,,,,0.03149668065001606,,3.149668065001606,,3.149668065001606,0,0,0,0,0,100,0,0,False,False,False,,/home/xynus/bench/runs/all_simple/A_linear_canonical_v0/adaptive_knet/frozen/seed_0/scenario_ebdd3128c726/init_untrained,
all_simple,A_linear_canonical_v0,fd75d1016844,adaptive_knet,0,untrained,frozen,frozen,ok,,,inf,inf,inf,5,5,200,0.001,0.001,30.0,,,,,0.030163757929985876,,3.0163757929985877,,3.0163757929985877,0,0,0,0,0,100,0,0,False,False,False,,/home/xynus/bench/runs/all_simple/A_linear_canonical_v0/adaptive_knet/frozen/seed_0/scenario_fd75d1016844/init_untrained,
all_simple,A_linear_canonical_v0,06209f282652,kalmannet_tsp,0,trained,frozen,frozen,failed,policy_violation,runner,,,,,,,,,,,,,,,,,,,,,,,,,,,False,False,False,,/home/xynus/bench/runs/all_simple/A_linear_canonical_v0/kalmannet_tsp/frozen/seed_0/scenario_06209f282652/init_trained,RuntimeError: policy_violation: trained plan requires positive train_outer_updates_used unless train_skipped=true.
all_simple,A_linear_canonical_v0,1ecac97e72d8,kalmannet_tsp,0,trained,frozen,frozen,failed,policy_violation,runner,,,,,,,,,,,,,,,,,,,,,,,,,,,False,False,False,,/home/xynus/bench/runs/all_simple/A_linear_canonical_v0/kalmannet_tsp/frozen/seed_0/scenario_1ecac97e72d8/init_trained,RuntimeError: policy_violation: trained plan requires positive train_outer_updates_used unless train_skipped=true.
all_simple,A_linear_canonical_v0,2a5fc6ce49c8,kalmannet_tsp,0,trained,frozen,frozen,failed,policy_violation,runner,,,,,,,,,,,,,,,,,,,,,,,,,,,False,False,False,,/home/xynus/bench/runs/all_simple/A_linear_canonical_v0/kalmannet_tsp/frozen/seed_0/scenario_2a5fc6ce49c8/init_trained,RuntimeError: policy_violation: trained plan requires positive train_outer_updates_used unless train_skipped=true.
all_simple,A_linear_canonical_v0,6342acad14a9,kalmannet_tsp,0,trained,frozen,frozen,failed,policy_violation,runner,,,,,,,,,,,,,,,,,,,,,,,,,,,False,False,False,,/home/xynus/bench/runs/all_simple/A_linear_canonical_v0/kalmannet_tsp/frozen/seed_0/scenario_6342acad14a9/init_trained,RuntimeError: policy_violation: trained plan requires positive train_outer_updates_used unless train_skipped=true.
all_simple,A_linear_canonical_v0,8d508046a042,kalmannet_tsp,0,trained,frozen,frozen,failed,policy_violation,runner,,,,,,,,,,,,,,,,,,,,,,,,,,,False,False,False,,/home/xynus/bench/runs/all_simple/A_linear_canonical_v0/kalmannet_tsp/frozen/seed_0/scenario_8d508046a042/init_trained,RuntimeError: policy_violation: trained plan requires positive train_outer_updates_used unless train_skipped=true.
all_simple,A_linear_canonical_v0,b24c25d48dde,kalmannet_tsp,0,trained,frozen,frozen,failed,policy_violation,runner,,,,,,,,,,,,,,,,,,,,,,,,,,,False,False,False,,/home/xynus/bench/runs/all_simple/A_linear_canonical_v0/kalmannet_tsp/frozen/seed_0/scenario_b24c25d48dde/init_trained,RuntimeError: policy_violation: trained plan requires positive train_outer_updates_used unless train_skipped=true.
all_simple,A_linear_canonical_v0,c216f8adbad4,kalmannet_tsp,0,trained,frozen,frozen,failed,policy_violation,runner,,,,,,,,,,,,,,,,,,,,,,,,,,,False,False,False,,/home/xynus/bench/runs/all_simple/A_linear_canonical_v0/kalmannet_tsp/frozen/seed_0/scenario_c216f8adbad4/init_trained,RuntimeError: policy_violation: trained plan requires positive train_outer_updates_used unless train_skipped=true.
all_simple,A_linear_canonical_v0,e430cbdcf2b5,kalmannet_tsp,0,trained,frozen,frozen,failed,policy_violation,runner,,,,,,,,,,,,,,,,,,,,,,,,,,,False,False,False,,/home/xynus/bench/runs/all_simple/A_linear_canonical_v0/kalmannet_tsp/frozen/seed_0/scenario_e430cbdcf2b5/init_trained,RuntimeError: policy_violation: trained plan requires positive train_outer_updates_used unless train_skipped=true.
all_simple,A_linear_canonical_v0,eb80d13a14d9,kalmannet_tsp,0,trained,frozen,frozen,failed,policy_violation,runner,,,,,,,,,,,,,,,,,,,,,,,,,,,False,False,False,,/home/xynus/bench/runs/all_simple/A_linear_canonical_v0/kalmannet_tsp/frozen/seed_0/scenario_eb80d13a14d9/init_trained,RuntimeError: policy_violation: trained plan requires positive train_outer_updates_used unless train_skipped=true.
all_simple,A_linear_canonical_v0,ebdd3128c726,kalmannet_tsp,0,trained,frozen,frozen,failed,policy_violation,runner,,,,,,,,,,,,,,,,,,,,,,,,,,,False,False,False,,/home/xynus/bench/runs/all_simple/A_linear_canonical_v0/kalmannet_tsp/frozen/seed_0/scenario_ebdd3128c726/init_trained,RuntimeError: policy_violation: trained plan requires positive train_outer_updates_used unless train_skipped=true.
all_simple,A_linear_canonical_v0,fd75d1016844,kalmannet_tsp,0,trained,frozen,frozen,failed,policy_violation,runner,,,,,,,,,,,,,,,,,,,,,,,,,,,False,False,False,,/home/xynus/bench/runs/all_simple/A_linear_canonical_v0/kalmannet_tsp/frozen/seed_0/scenario_fd75d1016844/init_trained,RuntimeError: policy_violation: trained plan requires positive train_outer_updates_used unless train_skipped=true.
all_simple,A_linear_canonical_v0,06209f282652,kalmannet_tsp,0,unknown,budgeted,budgeted,missing,,,,,,,,,,,,,,,,,,,,,,,,,,,,,,,,,,
all_simple,A_linear_canonical_v0,1ecac97e72d8,kalmannet_tsp,0,unknown,budgeted,budgeted,missing,,,,,,,,,,,,,,,,,,,,,,,,,,,,,,,,,,
all_simple,A_linear_canonical_v0,2a5fc6ce49c8,kalmannet_tsp,0,unknown,budgeted,budgeted,missing,,,,,,,,,,,,,,,,,,,,,,,,,,,,,,,,,,
all_simple,A_linear_canonical_v0,6342acad14a9,kalmannet_tsp,0,unknown,budgeted,budgeted,missing,,,,,,,,,,,,,,,,,,,,,,,,,,,,,,,,,,
all_simple,A_linear_canonical_v0,8d508046a042,kalmannet_tsp,0,unknown,budgeted,budgeted,missing,,,,,,,,,,,,,,,,,,,,,,,,,,,,,,,,,,
all_simple,A_linear_canonical_v0,b24c25d48dde,kalmannet_tsp,0,unknown,budgeted,budgeted,missing,,,,,,,,,,,,,,,,,,,,,,,,,,,,,,,,,,
all_simple,A_linear_canonical_v0,c216f8adbad4,kalmannet_tsp,0,unknown,budgeted,budgeted,missing,,,,,,,,,,,,,,,,,,,,,,,,,,,,,,,,,,
all_simple,A_linear_canonical_v0,e430cbdcf2b5,kalmannet_tsp,0,unknown,budgeted,budgeted,missing,,,,,,,,,,,,,,,,,,,,,,,,,,,,,,,,,,
all_simple,A_linear_canonical_v0,eb80d13a14d9,kalmannet_tsp,0,unknown,budgeted,budgeted,missing,,,,,,,,,,,,,,,,,,,,,,,,,,,,,,,,,,
all_simple,A_linear_canonical_v0,ebdd3128c726,kalmannet_tsp,0,unknown,budgeted,budgeted,missing,,,,,,,,,,,,,,,,,,,,,,,,,,,,,,,,,,
all_simple,A_linear_canonical_v0,fd75d1016844,kalmannet_tsp,0,unknown,budgeted,budgeted,missing,,,,,,,,,,,,,,,,,,,,,,,,,,,,,,,,,,
all_simple,A_linear_canonical_v0,06209f282652,kalmannet_tsp,0,untrained,frozen,frozen,ok,,,1553868701827072.0,151.91414319174655,39419141.3126551,5,5,200,0.001,0.00031622776601683794,35.0,,,,,0.027347466249993888,,2.7347466249993886,,2.7347466249993886,0,0,0,0,0,100,0,0,False,False,False,,/home/xynus/bench/runs/all_simple/A_linear_canonical_v0/kalmannet_tsp/frozen/seed_0/scenario_06209f282652/init_untrained,
all_simple,A_linear_canonical_v0,1ecac97e72d8,kalmannet_tsp,0,untrained,frozen,frozen,ok,,,1013806226472960.0,150.05954954193106,31840323.906533364,5,5,200,0.001,0.03162277660168379,15.0,,,,,0.0309788232199935,,3.09788232199935,,3.09788232199935,0,0,0,0,0,100,0,0,False,False,False,,/home/xynus/bench/runs/all_simple/A_linear_canonical_v0/kalmannet_tsp/frozen/seed_0/scenario_1ecac97e72d8/init_untrained,
all_simple,A_linear_canonical_v0,2a5fc6ce49c8,kalmannet_tsp,0,untrained,frozen,frozen,ok,,,1194492816261120.0,150.77183542225254,34561435.39063619,5,5,200,0.001,0.0031622776601683794,25.0,,,,,0.030662138539992157,,3.0662138539992156,,3.0662138539992156,0,0,0,0,0,100,0,0,False,False,False,,/home/xynus/bench/runs/all_simple/A_linear_canonical_v0/kalmannet_tsp/frozen/seed_0/scenario_2a5fc6ce49c8/init_untrained,
all_simple,A_linear_canonical_v0,6342acad14a9,kalmannet_tsp,0,untrained,frozen,frozen,ok,,,62543414427648.0,137.9618158695822,7908439.443256046,5,5,200,0.001,1.0,-0.0,,,,,0.030032872410010895,,3.0032872410010896,,3.0032872410010896,0,0,0,0,0,100,0,0,False,False,False,,/home/xynus/bench/runs/all_simple/A_linear_canonical_v0/kalmannet_tsp/frozen/seed_0/scenario_6342acad14a9/init_untrained,
all_simple,A_linear_canonical_v0,8d508046a042,kalmannet_tsp,0,untrained,frozen,frozen,ok,,,28254320721920.0,134.51084870640534,5315479.350154603,5,5,200,0.001,3.1622776601683795,-5.0,,,,,0.028951861870009452,,2.895186187000945,,2.895186187000945,0,0,0,0,0,100,0,0,False,False,False,,/home/xynus/bench/runs/all_simple/A_linear_canonical_v0/kalmannet_tsp/frozen/seed_0/scenario_8d508046a042/init_untrained,
all_simple,A_linear_canonical_v0,b24c25d48dde,kalmannet_tsp,0,untrained,frozen,frozen,ok,,,1357961955901440.0,151.32887603100954,36850535.3543397,5,5,200,0.001,0.0001,40.0,,,,,0.028463670000019193,,2.8463670000019192,,2.8463670000019192,0,0,0,0,0,100,0,0,False,False,False,,/home/xynus/bench/runs/all_simple/A_linear_canonical_v0/kalmannet_tsp/frozen/seed_0/scenario_b24c25d48dde/init_untrained,
all_simple,A_linear_canonical_v0,c216f8adbad4,kalmannet_tsp,0,untrained,frozen,frozen,ok,,,253909473951744.0,144.04678905711071,15934537.142689273,5,5,200,0.001,0.31622776601683794,5.0,,,,,0.029949018410006828,,2.994901841000683,,2.994901841000683,0,0,0,0,0,100,0,0,False,False,False,,/home/xynus/bench/runs/all_simple/A_linear_canonical_v0/kalmannet_tsp/frozen/seed_0/scenario_c216f8adbad4/init_untrained,
all_simple,A_linear_canonical_v0,e430cbdcf2b5,kalmannet_tsp,0,untrained,frozen,frozen,ok,,,963249763778560.0,149.83738911181348,31036265.30010594,5,5,200,0.001,0.01,20.0,,,,,0.029845697590026248,,2.984569759002625,,2.984569759002625,0,0,0,0,0,100,0,0,False,False,False,,/home/xynus/bench/runs/all_simple/A_linear_canonical_v0/kalmannet_tsp/frozen/seed_0/scenario_e430cbdcf2b5/init_untrained,
all_simple,A_linear_canonical_v0,eb80d13a14d9,kalmannet_tsp,0,untrained,frozen,frozen,ok,,,499179252088832.0,146.98256526012128,22342319.756212246,5,5,200,0.001,0.1,10.0,,,,,0.028458024210012808,,2.845802421001281,,2.845802421001281,0,0,0,0,0,100,0,0,False,False,False,,/home/xynus/bench/runs/all_simple/A_linear_canonical_v0/kalmannet_tsp/frozen/seed_0/scenario_eb80d13a14d9/init_untrained,
all_simple,A_linear_canonical_v0,ebdd3128c726,kalmannet_tsp,0,untrained,frozen,frozen,ok,,,3619846356992.0,125.58690137459513,1902589.382129523,5,5,200,0.001,10.0,-10.0,,,,,0.028616230569969047,,2.861623056996905,,2.861623056996905,0,0,0,0,0,100,0,0,False,False,False,,/home/xynus/bench/runs/all_simple/A_linear_canonical_v0/kalmannet_tsp/frozen/seed_0/scenario_ebdd3128c726/init_untrained,
all_simple,A_linear_canonical_v0,fd75d1016844,kalmannet_tsp,0,untrained,frozen,frozen,ok,,,1428956020473856.0,151.55018862549232,37801534.63120057,5,5,200,0.001,0.001,30.0,,,,,0.03089217076998466,,3.089217076998466,,3.089217076998466,0,0,0,0,0,100,0,0,False,False,False,,/home/xynus/bench/runs/all_simple/A_linear_canonical_v0/kalmannet_tsp/frozen/seed_0/scenario_fd75d1016844/init_untrained,
all_simple,A_linear_canonical_v0,06209f282652,maml_knet,0,trained,frozen,frozen,failed,train_nan,train,,,,,,,,,,,,,,,,,,,,,,,,,,,False,False,False,,/home/xynus/bench/runs/all_simple/A_linear_canonical_v0/maml_knet/frozen/seed_0/scenario_06209f282652/init_trained,FloatingPointError: train_nan: all sampled meta-tasks produced non-finite losses.
all_simple,A_linear_canonical_v0,1ecac97e72d8,maml_knet,0,trained,frozen,frozen,failed,train_nan,train,,,,,,,,,,,,,,,,,,,,,,,,,,,False,False,False,,/home/xynus/bench/runs/all_simple/A_linear_canonical_v0/maml_knet/frozen/seed_0/scenario_1ecac97e72d8/init_trained,FloatingPointError: train_nan: all sampled meta-tasks produced non-finite losses.
all_simple,A_linear_canonical_v0,2a5fc6ce49c8,maml_knet,0,trained,frozen,frozen,failed,train_nan,train,,,,,,,,,,,,,,,,,,,,,,,,,,,False,False,False,,/home/xynus/bench/runs/all_simple/A_linear_canonical_v0/maml_knet/frozen/seed_0/scenario_2a5fc6ce49c8/init_trained,FloatingPointError: train_nan: all sampled meta-tasks produced non-finite losses.
all_simple,A_linear_canonical_v0,6342acad14a9,maml_knet,0,trained,frozen,frozen,failed,train_nan,train,,,,,,,,,,,,,,,,,,,,,,,,,,,False,False,False,,/home/xynus/bench/runs/all_simple/A_linear_canonical_v0/maml_knet/frozen/seed_0/scenario_6342acad14a9/init_trained,FloatingPointError: train_nan: all sampled meta-tasks produced non-finite losses.
all_simple,A_linear_canonical_v0,8d508046a042,maml_knet,0,trained,frozen,frozen,failed,train_nan,train,,,,,,,,,,,,,,,,,,,,,,,,,,,False,False,False,,/home/xynus/bench/runs/all_simple/A_linear_canonical_v0/maml_knet/frozen/seed_0/scenario_8d508046a042/init_trained,FloatingPointError: train_nan: all sampled meta-tasks produced non-finite losses.
all_simple,A_linear_canonical_v0,b24c25d48dde,maml_knet,0,trained,frozen,frozen,failed,train_nan,train,,,,,,,,,,,,,,,,,,,,,,,,,,,False,False,False,,/home/xynus/bench/runs/all_simple/A_linear_canonical_v0/maml_knet/frozen/seed_0/scenario_b24c25d48dde/init_trained,FloatingPointError: train_nan: all sampled meta-tasks produced non-finite losses.
all_simple,A_linear_canonical_v0,c216f8adbad4,maml_knet,0,trained,frozen,frozen,failed,train_nan,train,,,,,,,,,,,,,,,,,,,,,,,,,,,False,False,False,,/home/xynus/bench/runs/all_simple/A_linear_canonical_v0/maml_knet/frozen/seed_0/scenario_c216f8adbad4/init_trained,FloatingPointError: train_nan: all sampled meta-tasks produced non-finite losses.
all_simple,A_linear_canonical_v0,e430cbdcf2b5,maml_knet,0,trained,frozen,frozen,failed,train_nan,train,,,,,,,,,,,,,,,,,,,,,,,,,,,False,False,False,,/home/xynus/bench/runs/all_simple/A_linear_canonical_v0/maml_knet/frozen/seed_0/scenario_e430cbdcf2b5/init_trained,FloatingPointError: train_nan: all sampled meta-tasks produced non-finite losses.
all_simple,A_linear_canonical_v0,eb80d13a14d9,maml_knet,0,trained,frozen,frozen,failed,train_nan,train,,,,,,,,,,,,,,,,,,,,,,,,,,,False,False,False,,/home/xynus/bench/runs/all_simple/A_linear_canonical_v0/maml_knet/frozen/seed_0/scenario_eb80d13a14d9/init_trained,FloatingPointError: train_nan: all sampled meta-tasks produced non-finite losses.
all_simple,A_linear_canonical_v0,ebdd3128c726,maml_knet,0,trained,frozen,frozen,failed,train_nan,train,,,,,,,,,,,,,,,,,,,,,,,,,,,False,False,False,,/home/xynus/bench/runs/all_simple/A_linear_canonical_v0/maml_knet/frozen/seed_0/scenario_ebdd3128c726/init_trained,FloatingPointError: train_nan: all sampled meta-tasks produced non-finite losses.
all_simple,A_linear_canonical_v0,fd75d1016844,maml_knet,0,trained,frozen,frozen,failed,train_nan,train,,,,,,,,,,,,,,,,,,,,,,,,,,,False,False,False,,/home/xynus/bench/runs/all_simple/A_linear_canonical_v0/maml_knet/frozen/seed_0/scenario_fd75d1016844/init_trained,FloatingPointError: train_nan: all sampled meta-tasks produced non-finite losses.
all_simple,A_linear_canonical_v0,06209f282652,maml_knet,0,unknown,budgeted,budgeted,missing,,,,,,,,,,,,,,,,,,,,,,,,,,,,,,,,,,
all_simple,A_linear_canonical_v0,1ecac97e72d8,maml_knet,0,unknown,budgeted,budgeted,missing,,,,,,,,,,,,,,,,,,,,,,,,,,,,,,,,,,
all_simple,A_linear_canonical_v0,2a5fc6ce49c8,maml_knet,0,unknown,budgeted,budgeted,missing,,,,,,,,,,,,,,,,,,,,,,,,,,,,,,,,,,
all_simple,A_linear_canonical_v0,6342acad14a9,maml_knet,0,unknown,budgeted,budgeted,missing,,,,,,,,,,,,,,,,,,,,,,,,,,,,,,,,,,
all_simple,A_linear_canonical_v0,8d508046a042,maml_knet,0,unknown,budgeted,budgeted,missing,,,,,,,,,,,,,,,,,,,,,,,,,,,,,,,,,,
all_simple,A_linear_canonical_v0,b24c25d48dde,maml_knet,0,unknown,budgeted,budgeted,missing,,,,,,,,,,,,,,,,,,,,,,,,,,,,,,,,,,
all_simple,A_linear_canonical_v0,c216f8adbad4,maml_knet,0,unknown,budgeted,budgeted,missing,,,,,,,,,,,,,,,,,,,,,,,,,,,,,,,,,,
all_simple,A_linear_canonical_v0,e430cbdcf2b5,maml_knet,0,unknown,budgeted,budgeted,missing,,,,,,,,,,,,,,,,,,,,,,,,,,,,,,,,,,
all_simple,A_linear_canonical_v0,eb80d13a14d9,maml_knet,0,unknown,budgeted,budgeted,missing,,,,,,,,,,,,,,,,,,,,,,,,,,,,,,,,,,
all_simple,A_linear_canonical_v0,ebdd3128c726,maml_knet,0,unknown,budgeted,budgeted,missing,,,,,,,,,,,,,,,,,,,,,,,,,,,,,,,,,,
all_simple,A_linear_canonical_v0,fd75d1016844,maml_knet,0,unknown,budgeted,budgeted,missing,,,,,,,,,,,,,,,,,,,,,,,,,,,,,,,,,,
all_simple,A_linear_canonical_v0,06209f282652,maml_knet,0,untrained,frozen,frozen,ok,,,nan,nan,nan,5,5,200,0.001,0.00031622776601683794,35.0,,,,,0.019084114600009344,,1.9084114600009343,,1.9084114600009343,0,0,0,0,0,100,0,0,False,False,False,,/home/xynus/bench/runs/all_simple/A_linear_canonical_v0/maml_knet/frozen/seed_0/scenario_06209f282652/init_untrained,
all_simple,A_linear_canonical_v0,1ecac97e72d8,maml_knet,0,untrained,frozen,frozen,ok,,,nan,nan,nan,5,5,200,0.001,0.03162277660168379,15.0,,,,,0.019749066369986395,,1.9749066369986394,,1.9749066369986394,0,0,0,0,0,100,0,0,False,False,False,,/home/xynus/bench/runs/all_simple/A_linear_canonical_v0/maml_knet/frozen/seed_0/scenario_1ecac97e72d8/init_untrained,
all_simple,A_linear_canonical_v0,2a5fc6ce49c8,maml_knet,0,untrained,frozen,frozen,ok,,,nan,nan,nan,5,5,200,0.001,0.0031622776601683794,25.0,,,,,0.019702209980023325,,1.9702209980023326,,1.9702209980023326,0,0,0,0,0,100,0,0,False,False,False,,/home/xynus/bench/runs/all_simple/A_linear_canonical_v0/maml_knet/frozen/seed_0/scenario_2a5fc6ce49c8/init_untrained,
all_simple,A_linear_canonical_v0,6342acad14a9,maml_knet,0,untrained,frozen,frozen,ok,,,nan,nan,nan,5,5,200,0.001,1.0,-0.0,,,,,0.01832354051999573,,1.8323540519995731,,1.8323540519995731,0,0,0,0,0,100,0,0,False,False,False,,/home/xynus/bench/runs/all_simple/A_linear_canonical_v0/maml_knet/frozen/seed_0/scenario_6342acad14a9/init_untrained,
all_simple,A_linear_canonical_v0,8d508046a042,maml_knet,0,untrained,frozen,frozen,ok,,,nan,nan,nan,5,5,200,0.001,3.1622776601683795,-5.0,,,,,0.01881549196001288,,1.8815491960012878,,1.8815491960012878,0,0,0,0,0,100,0,0,False,False,False,,/home/xynus/bench/runs/all_simple/A_linear_canonical_v0/maml_knet/frozen/seed_0/scenario_8d508046a042/init_untrained,
all_simple,A_linear_canonical_v0,b24c25d48dde,maml_knet,0,untrained,frozen,frozen,ok,,,nan,nan,nan,5,5,200,0.001,0.0001,40.0,,,,,0.018977473380000446,,1.8977473380000447,,1.8977473380000447,0,0,0,0,0,100,0,0,False,False,False,,/home/xynus/bench/runs/all_simple/A_linear_canonical_v0/maml_knet/frozen/seed_0/scenario_b24c25d48dde/init_untrained,
all_simple,A_linear_canonical_v0,c216f8adbad4,maml_knet,0,untrained,frozen,frozen,ok,,,nan,nan,nan,5,5,200,0.001,0.31622776601683794,5.0,,,,,0.019721064219993423,,1.9721064219993423,,1.9721064219993423,0,0,0,0,0,100,0,0,False,False,False,,/home/xynus/bench/runs/all_simple/A_linear_canonical_v0/maml_knet/frozen/seed_0/scenario_c216f8adbad4/init_untrained,
all_simple,A_linear_canonical_v0,e430cbdcf2b5,maml_knet,0,untrained,frozen,frozen,ok,,,nan,nan,nan,5,5,200,0.001,0.01,20.0,,,,,0.022244269600014376,,2.2244269600014377,,2.2244269600014377,0,0,0,0,0,100,0,0,False,False,False,,/home/xynus/bench/runs/all_simple/A_linear_canonical_v0/maml_knet/frozen/seed_0/scenario_e430cbdcf2b5/init_untrained,
all_simple,A_linear_canonical_v0,eb80d13a14d9,maml_knet,0,untrained,frozen,frozen,ok,,,nan,nan,nan,5,5,200,0.001,0.1,10.0,,,,,0.01876185306999105,,1.8761853069991048,,1.8761853069991048,0,0,0,0,0,100,0,0,False,False,False,,/home/xynus/bench/runs/all_simple/A_linear_canonical_v0/maml_knet/frozen/seed_0/scenario_eb80d13a14d9/init_untrained,
all_simple,A_linear_canonical_v0,ebdd3128c726,maml_knet,0,untrained,frozen,frozen,ok,,,nan,nan,nan,5,5,200,0.001,10.0,-10.0,,,,,0.018853621429989288,,1.885362142998929,,1.885362142998929,0,0,0,0,0,100,0,0,False,False,False,,/home/xynus/bench/runs/all_simple/A_linear_canonical_v0/maml_knet/frozen/seed_0/scenario_ebdd3128c726/init_untrained,
all_simple,A_linear_canonical_v0,fd75d1016844,maml_knet,0,untrained,frozen,frozen,ok,,,nan,nan,nan,5,5,200,0.001,0.001,30.0,,,,,0.019247058750006544,,1.9247058750006545,,1.9247058750006545,0,0,0,0,0,100,0,0,False,False,False,,/home/xynus/bench/runs/all_simple/A_linear_canonical_v0/maml_knet/frozen/seed_0/scenario_fd75d1016844/init_untrained,
all_simple,A_linear_canonical_v0,06209f282652,mb_kf_nominal,0,unknown,budgeted,budgeted,missing,,,,,,,,,,,,,,,,,,,,,,,,,,,,,,,,,,
all_simple,A_linear_canonical_v0,1ecac97e72d8,mb_kf_nominal,0,unknown,budgeted,budgeted,missing,,,,,,,,,,,,,,,,,,,,,,,,,,,,,,,,,,
all_simple,A_linear_canonical_v0,2a5fc6ce49c8,mb_kf_nominal,0,unknown,budgeted,budgeted,missing,,,,,,,,,,,,,,,,,,,,,,,,,,,,,,,,,,
all_simple,A_linear_canonical_v0,6342acad14a9,mb_kf_nominal,0,unknown,budgeted,budgeted,missing,,,,,,,,,,,,,,,,,,,,,,,,,,,,,,,,,,
all_simple,A_linear_canonical_v0,8d508046a042,mb_kf_nominal,0,unknown,budgeted,budgeted,missing,,,,,,,,,,,,,,,,,,,,,,,,,,,,,,,,,,
all_simple,A_linear_canonical_v0,b24c25d48dde,mb_kf_nominal,0,unknown,budgeted,budgeted,missing,,,,,,,,,,,,,,,,,,,,,,,,,,,,,,,,,,
all_simple,A_linear_canonical_v0,c216f8adbad4,mb_kf_nominal,0,unknown,budgeted,budgeted,missing,,,,,,,,,,,,,,,,,,,,,,,,,,,,,,,,,,
all_simple,A_linear_canonical_v0,e430cbdcf2b5,mb_kf_nominal,0,unknown,budgeted,budgeted,missing,,,,,,,,,,,,,,,,,,,,,,,,,,,,,,,,,,
all_simple,A_linear_canonical_v0,eb80d13a14d9,mb_kf_nominal,0,unknown,budgeted,budgeted,missing,,,,,,,,,,,,,,,,,,,,,,,,,,,,,,,,,,
all_simple,A_linear_canonical_v0,ebdd3128c726,mb_kf_nominal,0,unknown,budgeted,budgeted,missing,,,,,,,,,,,,,,,,,,,,,,,,,,,,,,,,,,
all_simple,A_linear_canonical_v0,fd75d1016844,mb_kf_nominal,0,unknown,budgeted,budgeted,missing,,,,,,,,,,,,,,,,,,,,,,,,,,,,,,,,,,
all_simple,A_linear_canonical_v0,06209f282652,mb_kf_nominal,0,untrained,frozen,frozen,ok,,,0.0003429731004871428,-34.6473994050566,0.018519532944627486,5,5,200,0.001,0.00031622776601683794,35.0,,,,,0.0064996414200140865,,0.6499641420014086,,0.6499641420014086,0,0,0,0,0,100,0,0,False,False,False,,/home/xynus/bench/runs/all_simple/A_linear_canonical_v0/mb_kf_nominal/frozen/seed_0/scenario_06209f282652,
all_simple,A_linear_canonical_v0,1ecac97e72d8,mb_kf_nominal,0,untrained,frozen,frozen,ok,,,0.006397864315658808,-21.93964974565371,0.07998665085912028,5,5,200,0.001,0.03162277660168379,15.0,,,,,0.006268182140011049,,0.6268182140011049,,0.6268182140011049,0,0,0,0,0,100,0,0,False,False,False,,/home/xynus/bench/runs/all_simple/A_linear_canonical_v0/mb_kf_nominal/frozen/seed_0/scenario_1ecac97e72d8,
all_simple,A_linear_canonical_v0,2a5fc6ce49c8,mb_kf_nominal,0,untrained,frozen,frozen,ok,,,0.0015440562274307013,-28.113368887034813,0.03929448087748076,5,5,200,0.001,0.0031622776601683794,25.0,,,,,0.006307455750029476,,0.6307455750029476,,0.6307455750029476,0,0,0,0,0,100,0,0,False,False,False,,/home/xynus/bench/runs/all_simple/A_linear_canonical_v0/mb_kf_nominal/frozen/seed_0/scenario_2a5fc6ce49c8,
all_simple,A_linear_canonical_v0,6342acad14a9,mb_kf_nominal,0,untrained,frozen,frozen,ok,,,0.06916051357984543,-11.601417903538014,0.26298386562647796,5,5,200,0.001,1.0,-0.0,,,,,0.0067373711899927,,0.67373711899927,,0.67373711899927,0,0,0,0,0,100,0,0,False,False,False,,/home/xynus/bench/runs/all_simple/A_linear_canonical_v0/mb_kf_nominal/frozen/seed_0/scenario_6342acad14a9,
all_simple,A_linear_canonical_v0,8d508046a042,mb_kf_nominal,0,untrained,frozen,frozen,ok,,,0.15503127872943878,-8.095806708029427,0.39374011572284423,5,5,200,0.001,3.1622776601683795,-5.0,,,,,0.006300590169994394,,0.6300590169994393,,0.6300590169994393,0,0,0,0,0,100,0,0,False,False,False,,/home/xynus/bench/runs/all_simple/A_linear_canonical_v0/mb_kf_nominal/frozen/seed_0/scenario_8d508046a042,
all_simple,A_linear_canonical_v0,b24c25d48dde,mb_kf_nominal,0,untrained,frozen,frozen,ok,,,0.00013894283620174974,-38.571638402378426,0.0117874015882106,5,5,200,0.001,0.0001,40.0,,,,,0.006542788590013515,,0.6542788590013515,,0.6542788590013515,0,0,0,0,0,100,0,0,False,False,False,,/home/xynus/bench/runs/all_simple/A_linear_canonical_v0/mb_kf_nominal/frozen/seed_0/scenario_b24c25d48dde,
all_simple,A_linear_canonical_v0,c216f8adbad4,mb_kf_nominal,0,untrained,frozen,frozen,ok,,,0.03062129206955433,-15.139764881368155,0.17498940559232246,5,5,200,0.001,0.31622776601683794,5.0,,,,,0.006202721900008328,,0.6202721900008328,,0.6202721900008328,0,0,0,0,0,100,0,0,False,False,False,,/home/xynus/bench/runs/all_simple/A_linear_canonical_v0/mb_kf_nominal/frozen/seed_0/scenario_c216f8adbad4,
all_simple,A_linear_canonical_v0,e430cbdcf2b5,mb_kf_nominal,0,untrained,frozen,frozen,ok,,,0.003083398099988699,-25.109703995463736,0.05552835401836344,5,5,200,0.001,0.01,20.0,,,,,0.006328656180012331,,0.6328656180012331,,0.6328656180012331,0,0,0,0,0,100,0,0,False,False,False,,/home/xynus/bench/runs/all_simple/A_linear_canonical_v0/mb_kf_nominal/frozen/seed_0/scenario_e430cbdcf2b5,
all_simple,A_linear_canonical_v0,eb80d13a14d9,mb_kf_nominal,0,untrained,frozen,frozen,ok,,,0.013843378983438015,-18.587578914723505,0.11765788959282762,5,5,200,0.001,0.1,10.0,,,,,0.005998152719985228,,0.5998152719985228,,0.5998152719985228,0,0,0,0,0,100,0,0,False,False,False,,/home/xynus/bench/runs/all_simple/A_linear_canonical_v0/mb_kf_nominal/frozen/seed_0/scenario_eb80d13a14d9,
all_simple,A_linear_canonical_v0,ebdd3128c726,mb_kf_nominal,0,untrained,frozen,frozen,ok,,,0.3569979965686798,-4.473342210911922,0.5974930933229938,5,5,200,0.001,10.0,-10.0,,,,,0.006290273630002048,,0.6290273630002048,,0.6290273630002048,0,0,0,0,0,100,0,0,False,False,False,,/home/xynus/bench/runs/all_simple/A_linear_canonical_v0/mb_kf_nominal/frozen/seed_0/scenario_ebdd3128c726,
all_simple,A_linear_canonical_v0,fd75d1016844,mb_kf_nominal,0,untrained,frozen,frozen,ok,,,0.000753159518353641,-31.231130309656542,0.027443751900089044,5,5,200,0.001,0.001,30.0,,,,,0.006472046999988379,,0.6472046999988379,,0.6472046999988379,0,0,0,0,0,100,0,0,False,False,False,,/home/xynus/bench/runs/all_simple/A_linear_canonical_v0/mb_kf_nominal/frozen/seed_0/scenario_fd75d1016844,
all_simple,A_linear_canonical_v0,06209f282652,mb_kf_oracle,0,unknown,budgeted,budgeted,missing,,,,,,,,,,,,,,,,,,,,,,,,,,,,,,,,,,
all_simple,A_linear_canonical_v0,1ecac97e72d8,mb_kf_oracle,0,unknown,budgeted,budgeted,missing,,,,,,,,,,,,,,,,,,,,,,,,,,,,,,,,,,
all_simple,A_linear_canonical_v0,2a5fc6ce49c8,mb_kf_oracle,0,unknown,budgeted,budgeted,missing,,,,,,,,,,,,,,,,,,,,,,,,,,,,,,,,,,
all_simple,A_linear_canonical_v0,6342acad14a9,mb_kf_oracle,0,unknown,budgeted,budgeted,missing,,,,,,,,,,,,,,,,,,,,,,,,,,,,,,,,,,
all_simple,A_linear_canonical_v0,8d508046a042,mb_kf_oracle,0,unknown,budgeted,budgeted,missing,,,,,,,,,,,,,,,,,,,,,,,,,,,,,,,,,,
all_simple,A_linear_canonical_v0,b24c25d48dde,mb_kf_oracle,0,unknown,budgeted,budgeted,missing,,,,,,,,,,,,,,,,,,,,,,,,,,,,,,,,,,
all_simple,A_linear_canonical_v0,c216f8adbad4,mb_kf_oracle,0,unknown,budgeted,budgeted,missing,,,,,,,,,,,,,,,,,,,,,,,,,,,,,,,,,,
all_simple,A_linear_canonical_v0,e430cbdcf2b5,mb_kf_oracle,0,unknown,budgeted,budgeted,missing,,,,,,,,,,,,,,,,,,,,,,,,,,,,,,,,,,
all_simple,A_linear_canonical_v0,eb80d13a14d9,mb_kf_oracle,0,unknown,budgeted,budgeted,missing,,,,,,,,,,,,,,,,,,,,,,,,,,,,,,,,,,
all_simple,A_linear_canonical_v0,ebdd3128c726,mb_kf_oracle,0,unknown,budgeted,budgeted,missing,,,,,,,,,,,,,,,,,,,,,,,,,,,,,,,,,,
all_simple,A_linear_canonical_v0,fd75d1016844,mb_kf_oracle,0,unknown,budgeted,budgeted,missing,,,,,,,,,,,,,,,,,,,,,,,,,,,,,,,,,,
all_simple,A_linear_canonical_v0,06209f282652,mb_kf_oracle,0,untrained,frozen,frozen,ok,,,0.0003429731004871428,-34.6473994050566,0.018519532944627486,5,5,200,0.001,0.00031622776601683794,35.0,,,,,0.006185902120014361,,0.6185902120014362,,0.6185902120014362,0,0,0,0,0,100,0,0,False,False,False,,/home/xynus/bench/runs/all_simple/A_linear_canonical_v0/mb_kf_oracle/frozen/seed_0/scenario_06209f282652,
all_simple,A_linear_canonical_v0,1ecac97e72d8,mb_kf_oracle,0,untrained,frozen,frozen,ok,,,0.006397864315658808,-21.93964974565371,0.07998665085912028,5,5,200,0.001,0.03162277660168379,15.0,,,,,0.006141122660010296,,0.6141122660010296,,0.6141122660010296,0,0,0,0,0,100,0,0,False,False,False,,/home/xynus/bench/runs/all_simple/A_linear_canonical_v0/mb_kf_oracle/frozen/seed_0/scenario_1ecac97e72d8,
all_simple,A_linear_canonical_v0,2a5fc6ce49c8,mb_kf_oracle,0,untrained,frozen,frozen,ok,,,0.0015440562274307013,-28.113368887034813,0.03929448087748076,5,5,200,0.001,0.0031622776601683794,25.0,,,,,0.005740430969999579,,0.5740430969999579,,0.5740430969999579,0,0,0,0,0,100,0,0,False,False,False,,/home/xynus/bench/runs/all_simple/A_linear_canonical_v0/mb_kf_oracle/frozen/seed_0/scenario_2a5fc6ce49c8,
all_simple,A_linear_canonical_v0,6342acad14a9,mb_kf_oracle,0,untrained,frozen,frozen,ok,,,0.06916051357984543,-11.601417903538014,0.26298386562647796,5,5,200,0.001,1.0,-0.0,,,,,0.006597913010009507,,0.6597913010009506,,0.6597913010009506,0,0,0,0,0,100,0,0,False,False,False,,/home/xynus/bench/runs/all_simple/A_linear_canonical_v0/mb_kf_oracle/frozen/seed_0/scenario_6342acad14a9,
all_simple,A_linear_canonical_v0,8d508046a042,mb_kf_oracle,0,untrained,frozen,frozen,ok,,,0.15503127872943878,-8.095806708029427,0.39374011572284423,5,5,200,0.001,3.1622776601683795,-5.0,,,,,0.006518133940007828,,0.6518133940007829,,0.6518133940007829,0,0,0,0,0,100,0,0,False,False,False,,/home/xynus/bench/runs/all_simple/A_linear_canonical_v0/mb_kf_oracle/frozen/seed_0/scenario_8d508046a042,
all_simple,A_linear_canonical_v0,b24c25d48dde,mb_kf_oracle,0,untrained,frozen,frozen,ok,,,0.00013894283620174974,-38.571638402378426,0.0117874015882106,5,5,200,0.001,0.0001,40.0,,,,,0.0061745680899912255,,0.6174568089991226,,0.6174568089991226,0,0,0,0,0,100,0,0,False,False,False,,/home/xynus/bench/runs/all_simple/A_linear_canonical_v0/mb_kf_oracle/frozen/seed_0/scenario_b24c25d48dde,
all_simple,A_linear_canonical_v0,c216f8adbad4,mb_kf_oracle,0,untrained,frozen,frozen,ok,,,0.03062129206955433,-15.139764881368155,0.17498940559232246,5,5,200,0.001,0.31622776601683794,5.0,,,,,0.0064357848399959035,,0.6435784839995904,,0.6435784839995904,0,0,0,0,0,100,0,0,False,False,False,,/home/xynus/bench/runs/all_simple/A_linear_canonical_v0/mb_kf_oracle/frozen/seed_0/scenario_c216f8adbad4,
all_simple,A_linear_canonical_v0,e430cbdcf2b5,mb_kf_oracle,0,untrained,frozen,frozen,ok,,,0.003083398099988699,-25.109703995463736,0.05552835401836344,5,5,200,0.001,0.01,20.0,,,,,0.006295630739987246,,0.6295630739987246,,0.6295630739987246,0,0,0,0,0,100,0,0,False,False,False,,/home/xynus/bench/runs/all_simple/A_linear_canonical_v0/mb_kf_oracle/frozen/seed_0/scenario_e430cbdcf2b5,
all_simple,A_linear_canonical_v0,eb80d13a14d9,mb_kf_oracle,0,untrained,frozen,frozen,ok,,,0.013843378983438015,-18.587578914723505,0.11765788959282762,5,5,200,0.001,0.1,10.0,,,,,0.0058999244300139255,,0.5899924430013925,,0.5899924430013925,0,0,0,0,0,100,0,0,False,False,False,,/home/xynus/bench/runs/all_simple/A_linear_canonical_v0/mb_kf_oracle/frozen/seed_0/scenario_eb80d13a14d9,
all_simple,A_linear_canonical_v0,ebdd3128c726,mb_kf_oracle,0,untrained,frozen,frozen,ok,,,0.3569979965686798,-4.473342210911922,0.5974930933229938,5,5,200,0.001,10.0,-10.0,,,,,0.005965643199997431,,0.596564319999743,,0.596564319999743,0,0,0,0,0,100,0,0,False,False,False,,/home/xynus/bench/runs/all_simple/A_linear_canonical_v0/mb_kf_oracle/frozen/seed_0/scenario_ebdd3128c726,
all_simple,A_linear_canonical_v0,fd75d1016844,mb_kf_oracle,0,untrained,frozen,frozen,ok,,,0.000753159518353641,-31.231130309656542,0.027443751900089044,5,5,200,0.001,0.001,30.0,,,,,0.005810066710000683,,0.5810066710000683,,0.5810066710000683,0,0,0,0,0,100,0,0,False,False,False,,/home/xynus/bench/runs/all_simple/A_linear_canonical_v0/mb_kf_oracle/frozen/seed_0/scenario_fd75d1016844,
all_simple,A_linear_canonical_v0,06209f282652,split_knet,0,trained,frozen,frozen,failed,train_nan,train,,,,,,,,,,,,,,,,,,,,,,,,,,,False,False,False,,/home/xynus/bench/runs/all_simple/A_linear_canonical_v0/split_knet/frozen/seed_0/scenario_06209f282652/init_trained,FloatingPointError: train_nan: non-finite training loss at update=0
all_simple,A_linear_canonical_v0,1ecac97e72d8,split_knet,0,trained,frozen,frozen,failed,train_nan,train,,,,,,,,,,,,,,,,,,,,,,,,,,,False,False,False,,/home/xynus/bench/runs/all_simple/A_linear_canonical_v0/split_knet/frozen/seed_0/scenario_1ecac97e72d8/init_trained,FloatingPointError: train_nan: non-finite training loss at update=0
all_simple,A_linear_canonical_v0,2a5fc6ce49c8,split_knet,0,trained,frozen,frozen,failed,train_nan,train,,,,,,,,,,,,,,,,,,,,,,,,,,,False,False,False,,/home/xynus/bench/runs/all_simple/A_linear_canonical_v0/split_knet/frozen/seed_0/scenario_2a5fc6ce49c8/init_trained,FloatingPointError: train_nan: non-finite training loss at update=0
all_simple,A_linear_canonical_v0,6342acad14a9,split_knet,0,trained,frozen,frozen,failed,train_nan,train,,,,,,,,,,,,,,,,,,,,,,,,,,,False,False,False,,/home/xynus/bench/runs/all_simple/A_linear_canonical_v0/split_knet/frozen/seed_0/scenario_6342acad14a9/init_trained,FloatingPointError: train_nan: non-finite training loss at update=0
all_simple,A_linear_canonical_v0,8d508046a042,split_knet,0,trained,frozen,frozen,failed,train_nan,train,,,,,,,,,,,,,,,,,,,,,,,,,,,False,False,False,,/home/xynus/bench/runs/all_simple/A_linear_canonical_v0/split_knet/frozen/seed_0/scenario_8d508046a042/init_trained,FloatingPointError: train_nan: non-finite training loss at update=0
all_simple,A_linear_canonical_v0,b24c25d48dde,split_knet,0,trained,frozen,frozen,failed,train_nan,train,,,,,,,,,,,,,,,,,,,,,,,,,,,False,False,False,,/home/xynus/bench/runs/all_simple/A_linear_canonical_v0/split_knet/frozen/seed_0/scenario_b24c25d48dde/init_trained,FloatingPointError: train_nan: non-finite training loss at update=0
all_simple,A_linear_canonical_v0,c216f8adbad4,split_knet,0,trained,frozen,frozen,failed,train_nan,train,,,,,,,,,,,,,,,,,,,,,,,,,,,False,False,False,,/home/xynus/bench/runs/all_simple/A_linear_canonical_v0/split_knet/frozen/seed_0/scenario_c216f8adbad4/init_trained,FloatingPointError: train_nan: non-finite training loss at update=0
all_simple,A_linear_canonical_v0,e430cbdcf2b5,split_knet,0,trained,frozen,frozen,failed,train_nan,train,,,,,,,,,,,,,,,,,,,,,,,,,,,False,False,False,,/home/xynus/bench/runs/all_simple/A_linear_canonical_v0/split_knet/frozen/seed_0/scenario_e430cbdcf2b5/init_trained,FloatingPointError: train_nan: non-finite training loss at update=0
all_simple,A_linear_canonical_v0,eb80d13a14d9,split_knet,0,trained,frozen,frozen,failed,train_nan,train,,,,,,,,,,,,,,,,,,,,,,,,,,,False,False,False,,/home/xynus/bench/runs/all_simple/A_linear_canonical_v0/split_knet/frozen/seed_0/scenario_eb80d13a14d9/init_trained,FloatingPointError: train_nan: non-finite training loss at update=0
all_simple,A_linear_canonical_v0,ebdd3128c726,split_knet,0,trained,frozen,frozen,failed,train_nan,train,,,,,,,,,,,,,,,,,,,,,,,,,,,False,False,False,,/home/xynus/bench/runs/all_simple/A_linear_canonical_v0/split_knet/frozen/seed_0/scenario_ebdd3128c726/init_trained,FloatingPointError: train_nan: non-finite training loss at update=0
all_simple,A_linear_canonical_v0,fd75d1016844,split_knet,0,trained,frozen,frozen,failed,train_nan,train,,,,,,,,,,,,,,,,,,,,,,,,,,,False,False,False,,/home/xynus/bench/runs/all_simple/A_linear_canonical_v0/split_knet/frozen/seed_0/scenario_fd75d1016844/init_trained,FloatingPointError: train_nan: non-finite training loss at update=0
all_simple,A_linear_canonical_v0,06209f282652,split_knet,0,unknown,budgeted,budgeted,missing,,,,,,,,,,,,,,,,,,,,,,,,,,,,,,,,,,
all_simple,A_linear_canonical_v0,1ecac97e72d8,split_knet,0,unknown,budgeted,budgeted,missing,,,,,,,,,,,,,,,,,,,,,,,,,,,,,,,,,,
all_simple,A_linear_canonical_v0,2a5fc6ce49c8,split_knet,0,unknown,budgeted,budgeted,missing,,,,,,,,,,,,,,,,,,,,,,,,,,,,,,,,,,
all_simple,A_linear_canonical_v0,6342acad14a9,split_knet,0,unknown,budgeted,budgeted,missing,,,,,,,,,,,,,,,,,,,,,,,,,,,,,,,,,,
all_simple,A_linear_canonical_v0,8d508046a042,split_knet,0,unknown,budgeted,budgeted,missing,,,,,,,,,,,,,,,,,,,,,,,,,,,,,,,,,,
all_simple,A_linear_canonical_v0,b24c25d48dde,split_knet,0,unknown,budgeted,budgeted,missing,,,,,,,,,,,,,,,,,,,,,,,,,,,,,,,,,,
all_simple,A_linear_canonical_v0,c216f8adbad4,split_knet,0,unknown,budgeted,budgeted,missing,,,,,,,,,,,,,,,,,,,,,,,,,,,,,,,,,,
all_simple,A_linear_canonical_v0,e430cbdcf2b5,split_knet,0,unknown,budgeted,budgeted,missing,,,,,,,,,,,,,,,,,,,,,,,,,,,,,,,,,,
all_simple,A_linear_canonical_v0,eb80d13a14d9,split_knet,0,unknown,budgeted,budgeted,missing,,,,,,,,,,,,,,,,,,,,,,,,,,,,,,,,,,
all_simple,A_linear_canonical_v0,ebdd3128c726,split_knet,0,unknown,budgeted,budgeted,missing,,,,,,,,,,,,,,,,,,,,,,,,,,,,,,,,,,
all_simple,A_linear_canonical_v0,fd75d1016844,split_knet,0,unknown,budgeted,budgeted,missing,,,,,,,,,,,,,,,,,,,,,,,,,,,,,,,,,,
all_simple,A_linear_canonical_v0,06209f282652,split_knet,0,untrained,frozen,frozen,ok,,,inf,inf,inf,5,5,200,0.001,0.00031622776601683794,35.0,,,,,0.5114495077799802,,51.14495077799802,,51.14495077799802,0,0,0,0,0,100,0,0,False,False,False,,/home/xynus/bench/runs/all_simple/A_linear_canonical_v0/split_knet/frozen/seed_0/scenario_06209f282652/init_untrained,
all_simple,A_linear_canonical_v0,1ecac97e72d8,split_knet,0,untrained,frozen,frozen,ok,,,inf,inf,inf,5,5,200,0.001,0.03162277660168379,15.0,,,,,0.5044017522799913,,50.440175227999134,,50.440175227999134,0,0,0,0,0,100,0,0,False,False,False,,/home/xynus/bench/runs/all_simple/A_linear_canonical_v0/split_knet/frozen/seed_0/scenario_1ecac97e72d8/init_untrained,
all_simple,A_linear_canonical_v0,2a5fc6ce49c8,split_knet,0,untrained,frozen,frozen,ok,,,inf,inf,inf,5,5,200,0.001,0.0031622776601683794,25.0,,,,,0.5095485532400198,,50.95485532400198,,50.95485532400198,0,0,0,0,0,100,0,0,False,False,False,,/home/xynus/bench/runs/all_simple/A_linear_canonical_v0/split_knet/frozen/seed_0/scenario_2a5fc6ce49c8/init_untrained,
all_simple,A_linear_canonical_v0,6342acad14a9,split_knet,0,untrained,frozen,frozen,ok,,,inf,inf,inf,5,5,200,0.001,1.0,-0.0,,,,,0.5181482316099937,,51.81482316099937,,51.81482316099937,0,0,0,0,0,100,0,0,False,False,False,,/home/xynus/bench/runs/all_simple/A_linear_canonical_v0/split_knet/frozen/seed_0/scenario_6342acad14a9/init_untrained,
all_simple,A_linear_canonical_v0,8d508046a042,split_knet,0,untrained,frozen,frozen,ok,,,inf,inf,inf,5,5,200,0.001,3.1622776601683795,-5.0,,,,,0.4988813389200004,,49.88813389200004,,49.88813389200004,0,0,0,0,0,100,0,0,False,False,False,,/home/xynus/bench/runs/all_simple/A_linear_canonical_v0/split_knet/frozen/seed_0/scenario_8d508046a042/init_untrained,
all_simple,A_linear_canonical_v0,b24c25d48dde,split_knet,0,untrained,frozen,frozen,ok,,,inf,inf,inf,5,5,200,0.001,0.0001,40.0,,,,,0.5082748192800136,,50.82748192800136,,50.82748192800136,0,0,0,0,0,100,0,0,False,False,False,,/home/xynus/bench/runs/all_simple/A_linear_canonical_v0/split_knet/frozen/seed_0/scenario_b24c25d48dde/init_untrained,
all_simple,A_linear_canonical_v0,c216f8adbad4,split_knet,0,untrained,frozen,frozen,ok,,,inf,inf,inf,5,5,200,0.001,0.31622776601683794,5.0,,,,,0.5070325040199896,,50.70325040199896,,50.70325040199896,0,0,0,0,0,100,0,0,False,False,False,,/home/xynus/bench/runs/all_simple/A_linear_canonical_v0/split_knet/frozen/seed_0/scenario_c216f8adbad4/init_untrained,
all_simple,A_linear_canonical_v0,e430cbdcf2b5,split_knet,0,untrained,frozen,frozen,ok,,,inf,inf,inf,5,5,200,0.001,0.01,20.0,,,,,0.5141397787300229,,51.413977873002295,,51.413977873002295,0,0,0,0,0,100,0,0,False,False,False,,/home/xynus/bench/runs/all_simple/A_linear_canonical_v0/split_knet/frozen/seed_0/scenario_e430cbdcf2b5/init_untrained,
all_simple,A_linear_canonical_v0,eb80d13a14d9,split_knet,0,untrained,frozen,frozen,ok,,,inf,inf,inf,5,5,200,0.001,0.1,10.0,,,,,0.5018044633200043,,50.18044633200043,,50.18044633200043,0,0,0,0,0,100,0,0,False,False,False,,/home/xynus/bench/runs/all_simple/A_linear_canonical_v0/split_knet/frozen/seed_0/scenario_eb80d13a14d9/init_untrained,
all_simple,A_linear_canonical_v0,ebdd3128c726,split_knet,0,untrained,frozen,frozen,ok,,,inf,inf,inf,5,5,200,0.001,10.0,-10.0,,,,,0.4796525494399975,,47.96525494399975,,47.96525494399975,0,0,0,0,0,100,0,0,False,False,False,,/home/xynus/bench/runs/all_simple/A_linear_canonical_v0/split_knet/frozen/seed_0/scenario_ebdd3128c726/init_untrained,
all_simple,A_linear_canonical_v0,fd75d1016844,split_knet,0,untrained,frozen,frozen,ok,,,inf,inf,inf,5,5,200,0.001,0.001,30.0,,,,,0.5498228002099859,,54.98228002099859,,54.98228002099859,0,0,0,0,0,100,0,0,False,False,False,,/home/xynus/bench/runs/all_simple/A_linear_canonical_v0/split_knet/frozen/seed_0/scenario_fd75d1016844/init_untrained,
all_simple,B_lorenz_dt_v0,005afa615373,adaptive_knet,0,unknown,budgeted,budgeted,missing,,,,,,,,,,,,,,,,,,,,,,,,,,,,,,,,,,
all_simple,B_lorenz_dt_v0,071f0b2f6ede,adaptive_knet,0,unknown,budgeted,budgeted,missing,,,,,,,,,,,,,,,,,,,,,,,,,,,,,,,,,,
all_simple,B_lorenz_dt_v0,0fbaa5175893,adaptive_knet,0,unknown,budgeted,budgeted,missing,,,,,,,,,,,,,,,,,,,,,,,,,,,,,,,,,,
all_simple,B_lorenz_dt_v0,165b21b09526,adaptive_knet,0,unknown,budgeted,budgeted,missing,,,,,,,,,,,,,,,,,,,,,,,,,,,,,,,,,,
all_simple,B_lorenz_dt_v0,188ad5b4af60,adaptive_knet,0,unknown,budgeted,budgeted,missing,,,,,,,,,,,,,,,,,,,,,,,,,,,,,,,,,,
all_simple,B_lorenz_dt_v0,39dca626ceb9,adaptive_knet,0,unknown,budgeted,budgeted,missing,,,,,,,,,,,,,,,,,,,,,,,,,,,,,,,,,,
all_simple,B_lorenz_dt_v0,5d10dfb084ba,adaptive_knet,0,unknown,budgeted,budgeted,missing,,,,,,,,,,,,,,,,,,,,,,,,,,,,,,,,,,
all_simple,B_lorenz_dt_v0,64b9d755f952,adaptive_knet,0,unknown,budgeted,budgeted,missing,,,,,,,,,,,,,,,,,,,,,,,,,,,,,,,,,,
all_simple,B_lorenz_dt_v0,662aecef6c67,adaptive_knet,0,unknown,budgeted,budgeted,missing,,,,,,,,,,,,,,,,,,,,,,,,,,,,,,,,,,
all_simple,B_lorenz_dt_v0,e62695e09c61,adaptive_knet,0,unknown,budgeted,budgeted,missing,,,,,,,,,,,,,,,,,,,,,,,,,,,,,,,,,,
all_simple,B_lorenz_dt_v0,f7b8393e17cc,adaptive_knet,0,unknown,budgeted,budgeted,missing,,,,,,,,,,,,,,,,,,,,,,,,,,,,,,,,,,
all_simple,B_lorenz_dt_v0,005afa615373,adaptive_knet,0,unknown,frozen,frozen,missing,,,,,,,,,,,,,,,,,,,,,,,,,,,,,,,,,,
all_simple,B_lorenz_dt_v0,071f0b2f6ede,adaptive_knet,0,unknown,frozen,frozen,missing,,,,,,,,,,,,,,,,,,,,,,,,,,,,,,,,,,
all_simple,B_lorenz_dt_v0,0fbaa5175893,adaptive_knet,0,unknown,frozen,frozen,missing,,,,,,,,,,,,,,,,,,,,,,,,,,,,,,,,,,
all_simple,B_lorenz_dt_v0,165b21b09526,adaptive_knet,0,unknown,frozen,frozen,missing,,,,,,,,,,,,,,,,,,,,,,,,,,,,,,,,,,
all_simple,B_lorenz_dt_v0,188ad5b4af60,adaptive_knet,0,unknown,frozen,frozen,missing,,,,,,,,,,,,,,,,,,,,,,,,,,,,,,,,,,
all_simple,B_lorenz_dt_v0,39dca626ceb9,adaptive_knet,0,unknown,frozen,frozen,missing,,,,,,,,,,,,,,,,,,,,,,,,,,,,,,,,,,
all_simple,B_lorenz_dt_v0,5d10dfb084ba,adaptive_knet,0,unknown,frozen,frozen,missing,,,,,,,,,,,,,,,,,,,,,,,,,,,,,,,,,,
all_simple,B_lorenz_dt_v0,64b9d755f952,adaptive_knet,0,unknown,frozen,frozen,missing,,,,,,,,,,,,,,,,,,,,,,,,,,,,,,,,,,
all_simple,B_lorenz_dt_v0,662aecef6c67,adaptive_knet,0,unknown,frozen,frozen,missing,,,,,,,,,,,,,,,,,,,,,,,,,,,,,,,,,,
all_simple,B_lorenz_dt_v0,e62695e09c61,adaptive_knet,0,unknown,frozen,frozen,missing,,,,,,,,,,,,,,,,,,,,,,,,,,,,,,,,,,
all_simple,B_lorenz_dt_v0,f7b8393e17cc,adaptive_knet,0,unknown,frozen,frozen,missing,,,,,,,,,,,,,,,,,,,,,,,,,,,,,,,,,,
all_simple,B_lorenz_dt_v0,005afa615373,kalmannet_tsp,0,unknown,budgeted,budgeted,missing,,,,,,,,,,,,,,,,,,,,,,,,,,,,,,,,,,
all_simple,B_lorenz_dt_v0,071f0b2f6ede,kalmannet_tsp,0,unknown,budgeted,budgeted,missing,,,,,,,,,,,,,,,,,,,,,,,,,,,,,,,,,,
all_simple,B_lorenz_dt_v0,0fbaa5175893,kalmannet_tsp,0,unknown,budgeted,budgeted,missing,,,,,,,,,,,,,,,,,,,,,,,,,,,,,,,,,,
all_simple,B_lorenz_dt_v0,165b21b09526,kalmannet_tsp,0,unknown,budgeted,budgeted,missing,,,,,,,,,,,,,,,,,,,,,,,,,,,,,,,,,,
all_simple,B_lorenz_dt_v0,188ad5b4af60,kalmannet_tsp,0,unknown,budgeted,budgeted,missing,,,,,,,,,,,,,,,,,,,,,,,,,,,,,,,,,,
all_simple,B_lorenz_dt_v0,39dca626ceb9,kalmannet_tsp,0,unknown,budgeted,budgeted,missing,,,,,,,,,,,,,,,,,,,,,,,,,,,,,,,,,,
all_simple,B_lorenz_dt_v0,5d10dfb084ba,kalmannet_tsp,0,unknown,budgeted,budgeted,missing,,,,,,,,,,,,,,,,,,,,,,,,,,,,,,,,,,
all_simple,B_lorenz_dt_v0,64b9d755f952,kalmannet_tsp,0,unknown,budgeted,budgeted,missing,,,,,,,,,,,,,,,,,,,,,,,,,,,,,,,,,,
all_simple,B_lorenz_dt_v0,662aecef6c67,kalmannet_tsp,0,unknown,budgeted,budgeted,missing,,,,,,,,,,,,,,,,,,,,,,,,,,,,,,,,,,
all_simple,B_lorenz_dt_v0,e62695e09c61,kalmannet_tsp,0,unknown,budgeted,budgeted,missing,,,,,,,,,,,,,,,,,,,,,,,,,,,,,,,,,,
all_simple,B_lorenz_dt_v0,f7b8393e17cc,kalmannet_tsp,0,unknown,budgeted,budgeted,missing,,,,,,,,,,,,,,,,,,,,,,,,,,,,,,,,,,
all_simple,B_lorenz_dt_v0,005afa615373,kalmannet_tsp,0,unknown,frozen,frozen,missing,,,,,,,,,,,,,,,,,,,,,,,,,,,,,,,,,,
all_simple,B_lorenz_dt_v0,071f0b2f6ede,kalmannet_tsp,0,unknown,frozen,frozen,missing,,,,,,,,,,,,,,,,,,,,,,,,,,,,,,,,,,
all_simple,B_lorenz_dt_v0,0fbaa5175893,kalmannet_tsp,0,unknown,frozen,frozen,missing,,,,,,,,,,,,,,,,,,,,,,,,,,,,,,,,,,
all_simple,B_lorenz_dt_v0,165b21b09526,kalmannet_tsp,0,unknown,frozen,frozen,missing,,,,,,,,,,,,,,,,,,,,,,,,,,,,,,,,,,
all_simple,B_lorenz_dt_v0,188ad5b4af60,kalmannet_tsp,0,unknown,frozen,frozen,missing,,,,,,,,,,,,,,,,,,,,,,,,,,,,,,,,,,
all_simple,B_lorenz_dt_v0,39dca626ceb9,kalmannet_tsp,0,unknown,frozen,frozen,missing,,,,,,,,,,,,,,,,,,,,,,,,,,,,,,,,,,
all_simple,B_lorenz_dt_v0,5d10dfb084ba,kalmannet_tsp,0,unknown,frozen,frozen,missing,,,,,,,,,,,,,,,,,,,,,,,,,,,,,,,,,,
all_simple,B_lorenz_dt_v0,64b9d755f952,kalmannet_tsp,0,unknown,frozen,frozen,missing,,,,,,,,,,,,,,,,,,,,,,,,,,,,,,,,,,
all_simple,B_lorenz_dt_v0,662aecef6c67,kalmannet_tsp,0,unknown,frozen,frozen,missing,,,,,,,,,,,,,,,,,,,,,,,,,,,,,,,,,,
all_simple,B_lorenz_dt_v0,e62695e09c61,kalmannet_tsp,0,unknown,frozen,frozen,missing,,,,,,,,,,,,,,,,,,,,,,,,,,,,,,,,,,
all_simple,B_lorenz_dt_v0,f7b8393e17cc,kalmannet_tsp,0,unknown,frozen,frozen,missing,,,,,,,,,,,,,,,,,,,,,,,,,,,,,,,,,,
all_simple,B_lorenz_dt_v0,005afa615373,maml_knet,0,unknown,budgeted,budgeted,missing,,,,,,,,,,,,,,,,,,,,,,,,,,,,,,,,,,
all_simple,B_lorenz_dt_v0,071f0b2f6ede,maml_knet,0,unknown,budgeted,budgeted,missing,,,,,,,,,,,,,,,,,,,,,,,,,,,,,,,,,,
all_simple,B_lorenz_dt_v0,0fbaa5175893,maml_knet,0,unknown,budgeted,budgeted,missing,,,,,,,,,,,,,,,,,,,,,,,,,,,,,,,,,,
all_simple,B_lorenz_dt_v0,165b21b09526,maml_knet,0,unknown,budgeted,budgeted,missing,,,,,,,,,,,,,,,,,,,,,,,,,,,,,,,,,,
all_simple,B_lorenz_dt_v0,188ad5b4af60,maml_knet,0,unknown,budgeted,budgeted,missing,,,,,,,,,,,,,,,,,,,,,,,,,,,,,,,,,,
all_simple,B_lorenz_dt_v0,39dca626ceb9,maml_knet,0,unknown,budgeted,budgeted,missing,,,,,,,,,,,,,,,,,,,,,,,,,,,,,,,,,,
all_simple,B_lorenz_dt_v0,5d10dfb084ba,maml_knet,0,unknown,budgeted,budgeted,missing,,,,,,,,,,,,,,,,,,,,,,,,,,,,,,,,,,
all_simple,B_lorenz_dt_v0,64b9d755f952,maml_knet,0,unknown,budgeted,budgeted,missing,,,,,,,,,,,,,,,,,,,,,,,,,,,,,,,,,,
all_simple,B_lorenz_dt_v0,662aecef6c67,maml_knet,0,unknown,budgeted,budgeted,missing,,,,,,,,,,,,,,,,,,,,,,,,,,,,,,,,,,
all_simple,B_lorenz_dt_v0,e62695e09c61,maml_knet,0,unknown,budgeted,budgeted,missing,,,,,,,,,,,,,,,,,,,,,,,,,,,,,,,,,,
all_simple,B_lorenz_dt_v0,f7b8393e17cc,maml_knet,0,unknown,budgeted,budgeted,missing,,,,,,,,,,,,,,,,,,,,,,,,,,,,,,,,,,
all_simple,B_lorenz_dt_v0,005afa615373,maml_knet,0,unknown,frozen,frozen,missing,,,,,,,,,,,,,,,,,,,,,,,,,,,,,,,,,,
all_simple,B_lorenz_dt_v0,071f0b2f6ede,maml_knet,0,unknown,frozen,frozen,missing,,,,,,,,,,,,,,,,,,,,,,,,,,,,,,,,,,
all_simple,B_lorenz_dt_v0,0fbaa5175893,maml_knet,0,unknown,frozen,frozen,missing,,,,,,,,,,,,,,,,,,,,,,,,,,,,,,,,,,
all_simple,B_lorenz_dt_v0,165b21b09526,maml_knet,0,unknown,frozen,frozen,missing,,,,,,,,,,,,,,,,,,,,,,,,,,,,,,,,,,
all_simple,B_lorenz_dt_v0,188ad5b4af60,maml_knet,0,unknown,frozen,frozen,missing,,,,,,,,,,,,,,,,,,,,,,,,,,,,,,,,,,
all_simple,B_lorenz_dt_v0,39dca626ceb9,maml_knet,0,unknown,frozen,frozen,missing,,,,,,,,,,,,,,,,,,,,,,,,,,,,,,,,,,
all_simple,B_lorenz_dt_v0,5d10dfb084ba,maml_knet,0,unknown,frozen,frozen,missing,,,,,,,,,,,,,,,,,,,,,,,,,,,,,,,,,,
all_simple,B_lorenz_dt_v0,64b9d755f952,maml_knet,0,unknown,frozen,frozen,missing,,,,,,,,,,,,,,,,,,,,,,,,,,,,,,,,,,
all_simple,B_lorenz_dt_v0,662aecef6c67,maml_knet,0,unknown,frozen,frozen,missing,,,,,,,,,,,,,,,,,,,,,,,,,,,,,,,,,,
all_simple,B_lorenz_dt_v0,e62695e09c61,maml_knet,0,unknown,frozen,frozen,missing,,,,,,,,,,,,,,,,,,,,,,,,,,,,,,,,,,
all_simple,B_lorenz_dt_v0,f7b8393e17cc,maml_knet,0,unknown,frozen,frozen,missing,,,,,,,,,,,,,,,,,,,,,,,,,,,,,,,,,,
all_simple,B_lorenz_dt_v0,005afa615373,mb_kf_nominal,0,unknown,budgeted,budgeted,missing,,,,,,,,,,,,,,,,,,,,,,,,,,,,,,,,,,
all_simple,B_lorenz_dt_v0,071f0b2f6ede,mb_kf_nominal,0,unknown,budgeted,budgeted,missing,,,,,,,,,,,,,,,,,,,,,,,,,,,,,,,,,,
all_simple,B_lorenz_dt_v0,0fbaa5175893,mb_kf_nominal,0,unknown,budgeted,budgeted,missing,,,,,,,,,,,,,,,,,,,,,,,,,,,,,,,,,,
all_simple,B_lorenz_dt_v0,165b21b09526,mb_kf_nominal,0,unknown,budgeted,budgeted,missing,,,,,,,,,,,,,,,,,,,,,,,,,,,,,,,,,,
all_simple,B_lorenz_dt_v0,188ad5b4af60,mb_kf_nominal,0,unknown,budgeted,budgeted,missing,,,,,,,,,,,,,,,,,,,,,,,,,,,,,,,,,,
all_simple,B_lorenz_dt_v0,39dca626ceb9,mb_kf_nominal,0,unknown,budgeted,budgeted,missing,,,,,,,,,,,,,,,,,,,,,,,,,,,,,,,,,,
all_simple,B_lorenz_dt_v0,5d10dfb084ba,mb_kf_nominal,0,unknown,budgeted,budgeted,missing,,,,,,,,,,,,,,,,,,,,,,,,,,,,,,,,,,
all_simple,B_lorenz_dt_v0,64b9d755f952,mb_kf_nominal,0,unknown,budgeted,budgeted,missing,,,,,,,,,,,,,,,,,,,,,,,,,,,,,,,,,,
all_simple,B_lorenz_dt_v0,662aecef6c67,mb_kf_nominal,0,unknown,budgeted,budgeted,missing,,,,,,,,,,,,,,,,,,,,,,,,,,,,,,,,,,
all_simple,B_lorenz_dt_v0,e62695e09c61,mb_kf_nominal,0,unknown,budgeted,budgeted,missing,,,,,,,,,,,,,,,,,,,,,,,,,,,,,,,,,,
all_simple,B_lorenz_dt_v0,f7b8393e17cc,mb_kf_nominal,0,unknown,budgeted,budgeted,missing,,,,,,,,,,,,,,,,,,,,,,,,,,,,,,,,,,
all_simple,B_lorenz_dt_v0,005afa615373,mb_kf_nominal,0,unknown,frozen,frozen,missing,,,,,,,,,,,,,,,,,,,,,,,,,,,,,,,,,,
all_simple,B_lorenz_dt_v0,071f0b2f6ede,mb_kf_nominal,0,unknown,frozen,frozen,missing,,,,,,,,,,,,,,,,,,,,,,,,,,,,,,,,,,
all_simple,B_lorenz_dt_v0,0fbaa5175893,mb_kf_nominal,0,unknown,frozen,frozen,missing,,,,,,,,,,,,,,,,,,,,,,,,,,,,,,,,,,
all_simple,B_lorenz_dt_v0,165b21b09526,mb_kf_nominal,0,unknown,frozen,frozen,missing,,,,,,,,,,,,,,,,,,,,,,,,,,,,,,,,,,
all_simple,B_lorenz_dt_v0,188ad5b4af60,mb_kf_nominal,0,unknown,frozen,frozen,missing,,,,,,,,,,,,,,,,,,,,,,,,,,,,,,,,,,
all_simple,B_lorenz_dt_v0,39dca626ceb9,mb_kf_nominal,0,unknown,frozen,frozen,missing,,,,,,,,,,,,,,,,,,,,,,,,,,,,,,,,,,
all_simple,B_lorenz_dt_v0,5d10dfb084ba,mb_kf_nominal,0,unknown,frozen,frozen,missing,,,,,,,,,,,,,,,,,,,,,,,,,,,,,,,,,,
all_simple,B_lorenz_dt_v0,64b9d755f952,mb_kf_nominal,0,unknown,frozen,frozen,missing,,,,,,,,,,,,,,,,,,,,,,,,,,,,,,,,,,
all_simple,B_lorenz_dt_v0,662aecef6c67,mb_kf_nominal,0,unknown,frozen,frozen,missing,,,,,,,,,,,,,,,,,,,,,,,,,,,,,,,,,,
all_simple,B_lorenz_dt_v0,e62695e09c61,mb_kf_nominal,0,unknown,frozen,frozen,missing,,,,,,,,,,,,,,,,,,,,,,,,,,,,,,,,,,
all_simple,B_lorenz_dt_v0,f7b8393e17cc,mb_kf_nominal,0,unknown,frozen,frozen,missing,,,,,,,,,,,,,,,,,,,,,,,,,,,,,,,,,,
all_simple,B_lorenz_dt_v0,005afa615373,mb_kf_oracle,0,unknown,budgeted,budgeted,missing,,,,,,,,,,,,,,,,,,,,,,,,,,,,,,,,,,
all_simple,B_lorenz_dt_v0,071f0b2f6ede,mb_kf_oracle,0,unknown,budgeted,budgeted,missing,,,,,,,,,,,,,,,,,,,,,,,,,,,,,,,,,,
all_simple,B_lorenz_dt_v0,0fbaa5175893,mb_kf_oracle,0,unknown,budgeted,budgeted,missing,,,,,,,,,,,,,,,,,,,,,,,,,,,,,,,,,,
all_simple,B_lorenz_dt_v0,165b21b09526,mb_kf_oracle,0,unknown,budgeted,budgeted,missing,,,,,,,,,,,,,,,,,,,,,,,,,,,,,,,,,,
all_simple,B_lorenz_dt_v0,188ad5b4af60,mb_kf_oracle,0,unknown,budgeted,budgeted,missing,,,,,,,,,,,,,,,,,,,,,,,,,,,,,,,,,,
all_simple,B_lorenz_dt_v0,39dca626ceb9,mb_kf_oracle,0,unknown,budgeted,budgeted,missing,,,,,,,,,,,,,,,,,,,,,,,,,,,,,,,,,,
all_simple,B_lorenz_dt_v0,5d10dfb084ba,mb_kf_oracle,0,unknown,budgeted,budgeted,missing,,,,,,,,,,,,,,,,,,,,,,,,,,,,,,,,,,
all_simple,B_lorenz_dt_v0,64b9d755f952,mb_kf_oracle,0,unknown,budgeted,budgeted,missing,,,,,,,,,,,,,,,,,,,,,,,,,,,,,,,,,,
all_simple,B_lorenz_dt_v0,662aecef6c67,mb_kf_oracle,0,unknown,budgeted,budgeted,missing,,,,,,,,,,,,,,,,,,,,,,,,,,,,,,,,,,
all_simple,B_lorenz_dt_v0,e62695e09c61,mb_kf_oracle,0,unknown,budgeted,budgeted,missing,,,,,,,,,,,,,,,,,,,,,,,,,,,,,,,,,,
all_simple,B_lorenz_dt_v0,f7b8393e17cc,mb_kf_oracle,0,unknown,budgeted,budgeted,missing,,,,,,,,,,,,,,,,,,,,,,,,,,,,,,,,,,
all_simple,B_lorenz_dt_v0,005afa615373,mb_kf_oracle,0,unknown,frozen,frozen,missing,,,,,,,,,,,,,,,,,,,,,,,,,,,,,,,,,,
all_simple,B_lorenz_dt_v0,071f0b2f6ede,mb_kf_oracle,0,unknown,frozen,frozen,missing,,,,,,,,,,,,,,,,,,,,,,,,,,,,,,,,,,
all_simple,B_lorenz_dt_v0,0fbaa5175893,mb_kf_oracle,0,unknown,frozen,frozen,missing,,,,,,,,,,,,,,,,,,,,,,,,,,,,,,,,,,
all_simple,B_lorenz_dt_v0,165b21b09526,mb_kf_oracle,0,unknown,frozen,frozen,missing,,,,,,,,,,,,,,,,,,,,,,,,,,,,,,,,,,
all_simple,B_lorenz_dt_v0,188ad5b4af60,mb_kf_oracle,0,unknown,frozen,frozen,missing,,,,,,,,,,,,,,,,,,,,,,,,,,,,,,,,,,
all_simple,B_lorenz_dt_v0,39dca626ceb9,mb_kf_oracle,0,unknown,frozen,frozen,missing,,,,,,,,,,,,,,,,,,,,,,,,,,,,,,,,,,
all_simple,B_lorenz_dt_v0,5d10dfb084ba,mb_kf_oracle,0,unknown,frozen,frozen,missing,,,,,,,,,,,,,,,,,,,,,,,,,,,,,,,,,,
all_simple,B_lorenz_dt_v0,64b9d755f952,mb_kf_oracle,0,unknown,frozen,frozen,missing,,,,,,,,,,,,,,,,,,,,,,,,,,,,,,,,,,
all_simple,B_lorenz_dt_v0,662aecef6c67,mb_kf_oracle,0,unknown,frozen,frozen,missing,,,,,,,,,,,,,,,,,,,,,,,,,,,,,,,,,,
all_simple,B_lorenz_dt_v0,e62695e09c61,mb_kf_oracle,0,unknown,frozen,frozen,missing,,,,,,,,,,,,,,,,,,,,,,,,,,,,,,,,,,
all_simple,B_lorenz_dt_v0,f7b8393e17cc,mb_kf_oracle,0,unknown,frozen,frozen,missing,,,,,,,,,,,,,,,,,,,,,,,,,,,,,,,,,,
all_simple,B_lorenz_dt_v0,005afa615373,split_knet,0,unknown,budgeted,budgeted,missing,,,,,,,,,,,,,,,,,,,,,,,,,,,,,,,,,,
all_simple,B_lorenz_dt_v0,071f0b2f6ede,split_knet,0,unknown,budgeted,budgeted,missing,,,,,,,,,,,,,,,,,,,,,,,,,,,,,,,,,,
all_simple,B_lorenz_dt_v0,0fbaa5175893,split_knet,0,unknown,budgeted,budgeted,missing,,,,,,,,,,,,,,,,,,,,,,,,,,,,,,,,,,
all_simple,B_lorenz_dt_v0,165b21b09526,split_knet,0,unknown,budgeted,budgeted,missing,,,,,,,,,,,,,,,,,,,,,,,,,,,,,,,,,,
all_simple,B_lorenz_dt_v0,188ad5b4af60,split_knet,0,unknown,budgeted,budgeted,missing,,,,,,,,,,,,,,,,,,,,,,,,,,,,,,,,,,
all_simple,B_lorenz_dt_v0,39dca626ceb9,split_knet,0,unknown,budgeted,budgeted,missing,,,,,,,,,,,,,,,,,,,,,,,,,,,,,,,,,,
all_simple,B_lorenz_dt_v0,5d10dfb084ba,split_knet,0,unknown,budgeted,budgeted,missing,,,,,,,,,,,,,,,,,,,,,,,,,,,,,,,,,,
all_simple,B_lorenz_dt_v0,64b9d755f952,split_knet,0,unknown,budgeted,budgeted,missing,,,,,,,,,,,,,,,,,,,,,,,,,,,,,,,,,,
all_simple,B_lorenz_dt_v0,662aecef6c67,split_knet,0,unknown,budgeted,budgeted,missing,,,,,,,,,,,,,,,,,,,,,,,,,,,,,,,,,,
all_simple,B_lorenz_dt_v0,e62695e09c61,split_knet,0,unknown,budgeted,budgeted,missing,,,,,,,,,,,,,,,,,,,,,,,,,,,,,,,,,,
all_simple,B_lorenz_dt_v0,f7b8393e17cc,split_knet,0,unknown,budgeted,budgeted,missing,,,,,,,,,,,,,,,,,,,,,,,,,,,,,,,,,,
all_simple,B_lorenz_dt_v0,005afa615373,split_knet,0,unknown,frozen,frozen,missing,,,,,,,,,,,,,,,,,,,,,,,,,,,,,,,,,,
all_simple,B_lorenz_dt_v0,071f0b2f6ede,split_knet,0,unknown,frozen,frozen,missing,,,,,,,,,,,,,,,,,,,,,,,,,,,,,,,,,,
all_simple,B_lorenz_dt_v0,0fbaa5175893,split_knet,0,unknown,frozen,frozen,missing,,,,,,,,,,,,,,,,,,,,,,,,,,,,,,,,,,
all_simple,B_lorenz_dt_v0,165b21b09526,split_knet,0,unknown,frozen,frozen,missing,,,,,,,,,,,,,,,,,,,,,,,,,,,,,,,,,,
all_simple,B_lorenz_dt_v0,188ad5b4af60,split_knet,0,unknown,frozen,frozen,missing,,,,,,,,,,,,,,,,,,,,,,,,,,,,,,,,,,
all_simple,B_lorenz_dt_v0,39dca626ceb9,split_knet,0,unknown,frozen,frozen,missing,,,,,,,,,,,,,,,,,,,,,,,,,,,,,,,,,,
all_simple,B_lorenz_dt_v0,5d10dfb084ba,split_knet,0,unknown,frozen,frozen,missing,,,,,,,,,,,,,,,,,,,,,,,,,,,,,,,,,,
all_simple,B_lorenz_dt_v0,64b9d755f952,split_knet,0,unknown,frozen,frozen,missing,,,,,,,,,,,,,,,,,,,,,,,,,,,,,,,,,,
all_simple,B_lorenz_dt_v0,662aecef6c67,split_knet,0,unknown,frozen,frozen,missing,,,,,,,,,,,,,,,,,,,,,,,,,,,,,,,,,,
all_simple,B_lorenz_dt_v0,e62695e09c61,split_knet,0,unknown,frozen,frozen,missing,,,,,,,,,,,,,,,,,,,,,,,,,,,,,,,,,,
all_simple,B_lorenz_dt_v0,f7b8393e17cc,split_knet,0,unknown,frozen,frozen,missing,,,,,,,,,,,,,,,,,,,,,,,,,,,,,,,,,,
all_simple,C_shift_Rscale_v0,0d8ded83cf48,adaptive_knet,0,unknown,budgeted,budgeted,missing,,,,,,,,,,,,,,,,,,,,,,,,,,,,,,,,,,
all_simple,C_shift_Rscale_v0,339fdebda713,adaptive_knet,0,unknown,budgeted,budgeted,missing,,,,,,,,,,,,,,,,,,,,,,,,,,,,,,,,,,
all_simple,C_shift_Rscale_v0,4a1a13ed64a8,adaptive_knet,0,unknown,budgeted,budgeted,missing,,,,,,,,,,,,,,,,,,,,,,,,,,,,,,,,,,
all_simple,C_shift_Rscale_v0,508cb6e71eac,adaptive_knet,0,unknown,budgeted,budgeted,missing,,,,,,,,,,,,,,,,,,,,,,,,,,,,,,,,,,
all_simple,C_shift_Rscale_v0,8473edfc005f,adaptive_knet,0,unknown,budgeted,budgeted,missing,,,,,,,,,,,,,,,,,,,,,,,,,,,,,,,,,,
all_simple,C_shift_Rscale_v0,9735a20fb0d0,adaptive_knet,0,unknown,budgeted,budgeted,missing,,,,,,,,,,,,,,,,,,,,,,,,,,,,,,,,,,
all_simple,C_shift_Rscale_v0,bf15c7c659d4,adaptive_knet,0,unknown,budgeted,budgeted,missing,,,,,,,,,,,,,,,,,,,,,,,,,,,,,,,,,,
all_simple,C_shift_Rscale_v0,c691287ec1a5,adaptive_knet,0,unknown,budgeted,budgeted,missing,,,,,,,,,,,,,,,,,,,,,,,,,,,,,,,,,,
all_simple,C_shift_Rscale_v0,d05f54caa972,adaptive_knet,0,unknown,budgeted,budgeted,missing,,,,,,,,,,,,,,,,,,,,,,,,,,,,,,,,,,
all_simple,C_shift_Rscale_v0,d1e348ffdcd3,adaptive_knet,0,unknown,budgeted,budgeted,missing,,,,,,,,,,,,,,,,,,,,,,,,,,,,,,,,,,
all_simple,C_shift_Rscale_v0,f415470c6bd6,adaptive_knet,0,unknown,budgeted,budgeted,missing,,,,,,,,,,,,,,,,,,,,,,,,,,,,,,,,,,
all_simple,C_shift_Rscale_v0,0d8ded83cf48,adaptive_knet,0,unknown,frozen,frozen,missing,,,,,,,,,,,,,,,,,,,,,,,,,,,,,,,,,,
all_simple,C_shift_Rscale_v0,339fdebda713,adaptive_knet,0,unknown,frozen,frozen,missing,,,,,,,,,,,,,,,,,,,,,,,,,,,,,,,,,,
all_simple,C_shift_Rscale_v0,4a1a13ed64a8,adaptive_knet,0,unknown,frozen,frozen,missing,,,,,,,,,,,,,,,,,,,,,,,,,,,,,,,,,,
all_simple,C_shift_Rscale_v0,508cb6e71eac,adaptive_knet,0,unknown,frozen,frozen,missing,,,,,,,,,,,,,,,,,,,,,,,,,,,,,,,,,,
all_simple,C_shift_Rscale_v0,8473edfc005f,adaptive_knet,0,unknown,frozen,frozen,missing,,,,,,,,,,,,,,,,,,,,,,,,,,,,,,,,,,
all_simple,C_shift_Rscale_v0,9735a20fb0d0,adaptive_knet,0,unknown,frozen,frozen,missing,,,,,,,,,,,,,,,,,,,,,,,,,,,,,,,,,,
all_simple,C_shift_Rscale_v0,bf15c7c659d4,adaptive_knet,0,unknown,frozen,frozen,missing,,,,,,,,,,,,,,,,,,,,,,,,,,,,,,,,,,
all_simple,C_shift_Rscale_v0,c691287ec1a5,adaptive_knet,0,unknown,frozen,frozen,missing,,,,,,,,,,,,,,,,,,,,,,,,,,,,,,,,,,
all_simple,C_shift_Rscale_v0,d05f54caa972,adaptive_knet,0,unknown,frozen,frozen,missing,,,,,,,,,,,,,,,,,,,,,,,,,,,,,,,,,,
all_simple,C_shift_Rscale_v0,d1e348ffdcd3,adaptive_knet,0,unknown,frozen,frozen,missing,,,,,,,,,,,,,,,,,,,,,,,,,,,,,,,,,,
all_simple,C_shift_Rscale_v0,f415470c6bd6,adaptive_knet,0,unknown,frozen,frozen,missing,,,,,,,,,,,,,,,,,,,,,,,,,,,,,,,,,,
all_simple,C_shift_Rscale_v0,0d8ded83cf48,kalmannet_tsp,0,unknown,budgeted,budgeted,missing,,,,,,,,,,,,,,,,,,,,,,,,,,,,,,,,,,
all_simple,C_shift_Rscale_v0,339fdebda713,kalmannet_tsp,0,unknown,budgeted,budgeted,missing,,,,,,,,,,,,,,,,,,,,,,,,,,,,,,,,,,
all_simple,C_shift_Rscale_v0,4a1a13ed64a8,kalmannet_tsp,0,unknown,budgeted,budgeted,missing,,,,,,,,,,,,,,,,,,,,,,,,,,,,,,,,,,
all_simple,C_shift_Rscale_v0,508cb6e71eac,kalmannet_tsp,0,unknown,budgeted,budgeted,missing,,,,,,,,,,,,,,,,,,,,,,,,,,,,,,,,,,
all_simple,C_shift_Rscale_v0,8473edfc005f,kalmannet_tsp,0,unknown,budgeted,budgeted,missing,,,,,,,,,,,,,,,,,,,,,,,,,,,,,,,,,,
all_simple,C_shift_Rscale_v0,9735a20fb0d0,kalmannet_tsp,0,unknown,budgeted,budgeted,missing,,,,,,,,,,,,,,,,,,,,,,,,,,,,,,,,,,
all_simple,C_shift_Rscale_v0,bf15c7c659d4,kalmannet_tsp,0,unknown,budgeted,budgeted,missing,,,,,,,,,,,,,,,,,,,,,,,,,,,,,,,,,,
all_simple,C_shift_Rscale_v0,c691287ec1a5,kalmannet_tsp,0,unknown,budgeted,budgeted,missing,,,,,,,,,,,,,,,,,,,,,,,,,,,,,,,,,,
all_simple,C_shift_Rscale_v0,d05f54caa972,kalmannet_tsp,0,unknown,budgeted,budgeted,missing,,,,,,,,,,,,,,,,,,,,,,,,,,,,,,,,,,
all_simple,C_shift_Rscale_v0,d1e348ffdcd3,kalmannet_tsp,0,unknown,budgeted,budgeted,missing,,,,,,,,,,,,,,,,,,,,,,,,,,,,,,,,,,
all_simple,C_shift_Rscale_v0,f415470c6bd6,kalmannet_tsp,0,unknown,budgeted,budgeted,missing,,,,,,,,,,,,,,,,,,,,,,,,,,,,,,,,,,
all_simple,C_shift_Rscale_v0,0d8ded83cf48,kalmannet_tsp,0,unknown,frozen,frozen,missing,,,,,,,,,,,,,,,,,,,,,,,,,,,,,,,,,,
all_simple,C_shift_Rscale_v0,339fdebda713,kalmannet_tsp,0,unknown,frozen,frozen,missing,,,,,,,,,,,,,,,,,,,,,,,,,,,,,,,,,,
all_simple,C_shift_Rscale_v0,4a1a13ed64a8,kalmannet_tsp,0,unknown,frozen,frozen,missing,,,,,,,,,,,,,,,,,,,,,,,,,,,,,,,,,,
all_simple,C_shift_Rscale_v0,508cb6e71eac,kalmannet_tsp,0,unknown,frozen,frozen,missing,,,,,,,,,,,,,,,,,,,,,,,,,,,,,,,,,,
all_simple,C_shift_Rscale_v0,8473edfc005f,kalmannet_tsp,0,unknown,frozen,frozen,missing,,,,,,,,,,,,,,,,,,,,,,,,,,,,,,,,,,
all_simple,C_shift_Rscale_v0,9735a20fb0d0,kalmannet_tsp,0,unknown,frozen,frozen,missing,,,,,,,,,,,,,,,,,,,,,,,,,,,,,,,,,,
all_simple,C_shift_Rscale_v0,bf15c7c659d4,kalmannet_tsp,0,unknown,frozen,frozen,missing,,,,,,,,,,,,,,,,,,,,,,,,,,,,,,,,,,
all_simple,C_shift_Rscale_v0,c691287ec1a5,kalmannet_tsp,0,unknown,frozen,frozen,missing,,,,,,,,,,,,,,,,,,,,,,,,,,,,,,,,,,
all_simple,C_shift_Rscale_v0,d05f54caa972,kalmannet_tsp,0,unknown,frozen,frozen,missing,,,,,,,,,,,,,,,,,,,,,,,,,,,,,,,,,,
all_simple,C_shift_Rscale_v0,d1e348ffdcd3,kalmannet_tsp,0,unknown,frozen,frozen,missing,,,,,,,,,,,,,,,,,,,,,,,,,,,,,,,,,,
all_simple,C_shift_Rscale_v0,f415470c6bd6,kalmannet_tsp,0,unknown,frozen,frozen,missing,,,,,,,,,,,,,,,,,,,,,,,,,,,,,,,,,,
all_simple,C_shift_Rscale_v0,0d8ded83cf48,maml_knet,0,unknown,budgeted,budgeted,missing,,,,,,,,,,,,,,,,,,,,,,,,,,,,,,,,,,
all_simple,C_shift_Rscale_v0,339fdebda713,maml_knet,0,unknown,budgeted,budgeted,missing,,,,,,,,,,,,,,,,,,,,,,,,,,,,,,,,,,
all_simple,C_shift_Rscale_v0,4a1a13ed64a8,maml_knet,0,unknown,budgeted,budgeted,missing,,,,,,,,,,,,,,,,,,,,,,,,,,,,,,,,,,
all_simple,C_shift_Rscale_v0,508cb6e71eac,maml_knet,0,unknown,budgeted,budgeted,missing,,,,,,,,,,,,,,,,,,,,,,,,,,,,,,,,,,
all_simple,C_shift_Rscale_v0,8473edfc005f,maml_knet,0,unknown,budgeted,budgeted,missing,,,,,,,,,,,,,,,,,,,,,,,,,,,,,,,,,,
all_simple,C_shift_Rscale_v0,9735a20fb0d0,maml_knet,0,unknown,budgeted,budgeted,missing,,,,,,,,,,,,,,,,,,,,,,,,,,,,,,,,,,
all_simple,C_shift_Rscale_v0,bf15c7c659d4,maml_knet,0,unknown,budgeted,budgeted,missing,,,,,,,,,,,,,,,,,,,,,,,,,,,,,,,,,,
all_simple,C_shift_Rscale_v0,c691287ec1a5,maml_knet,0,unknown,budgeted,budgeted,missing,,,,,,,,,,,,,,,,,,,,,,,,,,,,,,,,,,
all_simple,C_shift_Rscale_v0,d05f54caa972,maml_knet,0,unknown,budgeted,budgeted,missing,,,,,,,,,,,,,,,,,,,,,,,,,,,,,,,,,,
all_simple,C_shift_Rscale_v0,d1e348ffdcd3,maml_knet,0,unknown,budgeted,budgeted,missing,,,,,,,,,,,,,,,,,,,,,,,,,,,,,,,,,,
all_simple,C_shift_Rscale_v0,f415470c6bd6,maml_knet,0,unknown,budgeted,budgeted,missing,,,,,,,,,,,,,,,,,,,,,,,,,,,,,,,,,,
all_simple,C_shift_Rscale_v0,0d8ded83cf48,maml_knet,0,unknown,frozen,frozen,missing,,,,,,,,,,,,,,,,,,,,,,,,,,,,,,,,,,
all_simple,C_shift_Rscale_v0,339fdebda713,maml_knet,0,unknown,frozen,frozen,missing,,,,,,,,,,,,,,,,,,,,,,,,,,,,,,,,,,
all_simple,C_shift_Rscale_v0,4a1a13ed64a8,maml_knet,0,unknown,frozen,frozen,missing,,,,,,,,,,,,,,,,,,,,,,,,,,,,,,,,,,
all_simple,C_shift_Rscale_v0,508cb6e71eac,maml_knet,0,unknown,frozen,frozen,missing,,,,,,,,,,,,,,,,,,,,,,,,,,,,,,,,,,
all_simple,C_shift_Rscale_v0,8473edfc005f,maml_knet,0,unknown,frozen,frozen,missing,,,,,,,,,,,,,,,,,,,,,,,,,,,,,,,,,,
all_simple,C_shift_Rscale_v0,9735a20fb0d0,maml_knet,0,unknown,frozen,frozen,missing,,,,,,,,,,,,,,,,,,,,,,,,,,,,,,,,,,
all_simple,C_shift_Rscale_v0,bf15c7c659d4,maml_knet,0,unknown,frozen,frozen,missing,,,,,,,,,,,,,,,,,,,,,,,,,,,,,,,,,,
all_simple,C_shift_Rscale_v0,c691287ec1a5,maml_knet,0,unknown,frozen,frozen,missing,,,,,,,,,,,,,,,,,,,,,,,,,,,,,,,,,,
all_simple,C_shift_Rscale_v0,d05f54caa972,maml_knet,0,unknown,frozen,frozen,missing,,,,,,,,,,,,,,,,,,,,,,,,,,,,,,,,,,
all_simple,C_shift_Rscale_v0,d1e348ffdcd3,maml_knet,0,unknown,frozen,frozen,missing,,,,,,,,,,,,,,,,,,,,,,,,,,,,,,,,,,
all_simple,C_shift_Rscale_v0,f415470c6bd6,maml_knet,0,unknown,frozen,frozen,missing,,,,,,,,,,,,,,,,,,,,,,,,,,,,,,,,,,
all_simple,C_shift_Rscale_v0,0d8ded83cf48,mb_kf_nominal,0,unknown,budgeted,budgeted,missing,,,,,,,,,,,,,,,,,,,,,,,,,,,,,,,,,,
all_simple,C_shift_Rscale_v0,339fdebda713,mb_kf_nominal,0,unknown,budgeted,budgeted,missing,,,,,,,,,,,,,,,,,,,,,,,,,,,,,,,,,,
all_simple,C_shift_Rscale_v0,4a1a13ed64a8,mb_kf_nominal,0,unknown,budgeted,budgeted,missing,,,,,,,,,,,,,,,,,,,,,,,,,,,,,,,,,,
all_simple,C_shift_Rscale_v0,508cb6e71eac,mb_kf_nominal,0,unknown,budgeted,budgeted,missing,,,,,,,,,,,,,,,,,,,,,,,,,,,,,,,,,,
all_simple,C_shift_Rscale_v0,8473edfc005f,mb_kf_nominal,0,unknown,budgeted,budgeted,missing,,,,,,,,,,,,,,,,,,,,,,,,,,,,,,,,,,
all_simple,C_shift_Rscale_v0,9735a20fb0d0,mb_kf_nominal,0,unknown,budgeted,budgeted,missing,,,,,,,,,,,,,,,,,,,,,,,,,,,,,,,,,,
all_simple,C_shift_Rscale_v0,bf15c7c659d4,mb_kf_nominal,0,unknown,budgeted,budgeted,missing,,,,,,,,,,,,,,,,,,,,,,,,,,,,,,,,,,
all_simple,C_shift_Rscale_v0,c691287ec1a5,mb_kf_nominal,0,unknown,budgeted,budgeted,missing,,,,,,,,,,,,,,,,,,,,,,,,,,,,,,,,,,
all_simple,C_shift_Rscale_v0,d05f54caa972,mb_kf_nominal,0,unknown,budgeted,budgeted,missing,,,,,,,,,,,,,,,,,,,,,,,,,,,,,,,,,,
all_simple,C_shift_Rscale_v0,d1e348ffdcd3,mb_kf_nominal,0,unknown,budgeted,budgeted,missing,,,,,,,,,,,,,,,,,,,,,,,,,,,,,,,,,,
all_simple,C_shift_Rscale_v0,f415470c6bd6,mb_kf_nominal,0,unknown,budgeted,budgeted,missing,,,,,,,,,,,,,,,,,,,,,,,,,,,,,,,,,,
all_simple,C_shift_Rscale_v0,0d8ded83cf48,mb_kf_nominal,0,unknown,frozen,frozen,missing,,,,,,,,,,,,,,,,,,,,,,,,,,,,,,,,,,
all_simple,C_shift_Rscale_v0,339fdebda713,mb_kf_nominal,0,unknown,frozen,frozen,missing,,,,,,,,,,,,,,,,,,,,,,,,,,,,,,,,,,
all_simple,C_shift_Rscale_v0,4a1a13ed64a8,mb_kf_nominal,0,unknown,frozen,frozen,missing,,,,,,,,,,,,,,,,,,,,,,,,,,,,,,,,,,
all_simple,C_shift_Rscale_v0,508cb6e71eac,mb_kf_nominal,0,unknown,frozen,frozen,missing,,,,,,,,,,,,,,,,,,,,,,,,,,,,,,,,,,
all_simple,C_shift_Rscale_v0,8473edfc005f,mb_kf_nominal,0,unknown,frozen,frozen,missing,,,,,,,,,,,,,,,,,,,,,,,,,,,,,,,,,,
all_simple,C_shift_Rscale_v0,9735a20fb0d0,mb_kf_nominal,0,unknown,frozen,frozen,missing,,,,,,,,,,,,,,,,,,,,,,,,,,,,,,,,,,
all_simple,C_shift_Rscale_v0,bf15c7c659d4,mb_kf_nominal,0,unknown,frozen,frozen,missing,,,,,,,,,,,,,,,,,,,,,,,,,,,,,,,,,,
all_simple,C_shift_Rscale_v0,c691287ec1a5,mb_kf_nominal,0,unknown,frozen,frozen,missing,,,,,,,,,,,,,,,,,,,,,,,,,,,,,,,,,,
all_simple,C_shift_Rscale_v0,d05f54caa972,mb_kf_nominal,0,unknown,frozen,frozen,missing,,,,,,,,,,,,,,,,,,,,,,,,,,,,,,,,,,
all_simple,C_shift_Rscale_v0,d1e348ffdcd3,mb_kf_nominal,0,unknown,frozen,frozen,missing,,,,,,,,,,,,,,,,,,,,,,,,,,,,,,,,,,
all_simple,C_shift_Rscale_v0,f415470c6bd6,mb_kf_nominal,0,unknown,frozen,frozen,missing,,,,,,,,,,,,,,,,,,,,,,,,,,,,,,,,,,
all_simple,C_shift_Rscale_v0,0d8ded83cf48,mb_kf_oracle,0,unknown,budgeted,budgeted,missing,,,,,,,,,,,,,,,,,,,,,,,,,,,,,,,,,,
all_simple,C_shift_Rscale_v0,339fdebda713,mb_kf_oracle,0,unknown,budgeted,budgeted,missing,,,,,,,,,,,,,,,,,,,,,,,,,,,,,,,,,,
all_simple,C_shift_Rscale_v0,4a1a13ed64a8,mb_kf_oracle,0,unknown,budgeted,budgeted,missing,,,,,,,,,,,,,,,,,,,,,,,,,,,,,,,,,,
all_simple,C_shift_Rscale_v0,508cb6e71eac,mb_kf_oracle,0,unknown,budgeted,budgeted,missing,,,,,,,,,,,,,,,,,,,,,,,,,,,,,,,,,,
all_simple,C_shift_Rscale_v0,8473edfc005f,mb_kf_oracle,0,unknown,budgeted,budgeted,missing,,,,,,,,,,,,,,,,,,,,,,,,,,,,,,,,,,
all_simple,C_shift_Rscale_v0,9735a20fb0d0,mb_kf_oracle,0,unknown,budgeted,budgeted,missing,,,,,,,,,,,,,,,,,,,,,,,,,,,,,,,,,,
all_simple,C_shift_Rscale_v0,bf15c7c659d4,mb_kf_oracle,0,unknown,budgeted,budgeted,missing,,,,,,,,,,,,,,,,,,,,,,,,,,,,,,,,,,
all_simple,C_shift_Rscale_v0,c691287ec1a5,mb_kf_oracle,0,unknown,budgeted,budgeted,missing,,,,,,,,,,,,,,,,,,,,,,,,,,,,,,,,,,
all_simple,C_shift_Rscale_v0,d05f54caa972,mb_kf_oracle,0,unknown,budgeted,budgeted,missing,,,,,,,,,,,,,,,,,,,,,,,,,,,,,,,,,,
all_simple,C_shift_Rscale_v0,d1e348ffdcd3,mb_kf_oracle,0,unknown,budgeted,budgeted,missing,,,,,,,,,,,,,,,,,,,,,,,,,,,,,,,,,,
all_simple,C_shift_Rscale_v0,f415470c6bd6,mb_kf_oracle,0,unknown,budgeted,budgeted,missing,,,,,,,,,,,,,,,,,,,,,,,,,,,,,,,,,,
all_simple,C_shift_Rscale_v0,0d8ded83cf48,mb_kf_oracle,0,unknown,frozen,frozen,missing,,,,,,,,,,,,,,,,,,,,,,,,,,,,,,,,,,
all_simple,C_shift_Rscale_v0,339fdebda713,mb_kf_oracle,0,unknown,frozen,frozen,missing,,,,,,,,,,,,,,,,,,,,,,,,,,,,,,,,,,
all_simple,C_shift_Rscale_v0,4a1a13ed64a8,mb_kf_oracle,0,unknown,frozen,frozen,missing,,,,,,,,,,,,,,,,,,,,,,,,,,,,,,,,,,
all_simple,C_shift_Rscale_v0,508cb6e71eac,mb_kf_oracle,0,unknown,frozen,frozen,missing,,,,,,,,,,,,,,,,,,,,,,,,,,,,,,,,,,
all_simple,C_shift_Rscale_v0,8473edfc005f,mb_kf_oracle,0,unknown,frozen,frozen,missing,,,,,,,,,,,,,,,,,,,,,,,,,,,,,,,,,,
all_simple,C_shift_Rscale_v0,9735a20fb0d0,mb_kf_oracle,0,unknown,frozen,frozen,missing,,,,,,,,,,,,,,,,,,,,,,,,,,,,,,,,,,
all_simple,C_shift_Rscale_v0,bf15c7c659d4,mb_kf_oracle,0,unknown,frozen,frozen,missing,,,,,,,,,,,,,,,,,,,,,,,,,,,,,,,,,,
all_simple,C_shift_Rscale_v0,c691287ec1a5,mb_kf_oracle,0,unknown,frozen,frozen,missing,,,,,,,,,,,,,,,,,,,,,,,,,,,,,,,,,,
all_simple,C_shift_Rscale_v0,d05f54caa972,mb_kf_oracle,0,unknown,frozen,frozen,missing,,,,,,,,,,,,,,,,,,,,,,,,,,,,,,,,,,
all_simple,C_shift_Rscale_v0,d1e348ffdcd3,mb_kf_oracle,0,unknown,frozen,frozen,missing,,,,,,,,,,,,,,,,,,,,,,,,,,,,,,,,,,
all_simple,C_shift_Rscale_v0,f415470c6bd6,mb_kf_oracle,0,unknown,frozen,frozen,missing,,,,,,,,,,,,,,,,,,,,,,,,,,,,,,,,,,
all_simple,C_shift_Rscale_v0,0d8ded83cf48,split_knet,0,unknown,budgeted,budgeted,missing,,,,,,,,,,,,,,,,,,,,,,,,,,,,,,,,,,
all_simple,C_shift_Rscale_v0,339fdebda713,split_knet,0,unknown,budgeted,budgeted,missing,,,,,,,,,,,,,,,,,,,,,,,,,,,,,,,,,,
all_simple,C_shift_Rscale_v0,4a1a13ed64a8,split_knet,0,unknown,budgeted,budgeted,missing,,,,,,,,,,,,,,,,,,,,,,,,,,,,,,,,,,
all_simple,C_shift_Rscale_v0,508cb6e71eac,split_knet,0,unknown,budgeted,budgeted,missing,,,,,,,,,,,,,,,,,,,,,,,,,,,,,,,,,,
all_simple,C_shift_Rscale_v0,8473edfc005f,split_knet,0,unknown,budgeted,budgeted,missing,,,,,,,,,,,,,,,,,,,,,,,,,,,,,,,,,,
all_simple,C_shift_Rscale_v0,9735a20fb0d0,split_knet,0,unknown,budgeted,budgeted,missing,,,,,,,,,,,,,,,,,,,,,,,,,,,,,,,,,,
all_simple,C_shift_Rscale_v0,bf15c7c659d4,split_knet,0,unknown,budgeted,budgeted,missing,,,,,,,,,,,,,,,,,,,,,,,,,,,,,,,,,,
all_simple,C_shift_Rscale_v0,c691287ec1a5,split_knet,0,unknown,budgeted,budgeted,missing,,,,,,,,,,,,,,,,,,,,,,,,,,,,,,,,,,
all_simple,C_shift_Rscale_v0,d05f54caa972,split_knet,0,unknown,budgeted,budgeted,missing,,,,,,,,,,,,,,,,,,,,,,,,,,,,,,,,,,
all_simple,C_shift_Rscale_v0,d1e348ffdcd3,split_knet,0,unknown,budgeted,budgeted,missing,,,,,,,,,,,,,,,,,,,,,,,,,,,,,,,,,,
all_simple,C_shift_Rscale_v0,f415470c6bd6,split_knet,0,unknown,budgeted,budgeted,missing,,,,,,,,,,,,,,,,,,,,,,,,,,,,,,,,,,
all_simple,C_shift_Rscale_v0,0d8ded83cf48,split_knet,0,unknown,frozen,frozen,missing,,,,,,,,,,,,,,,,,,,,,,,,,,,,,,,,,,
all_simple,C_shift_Rscale_v0,339fdebda713,split_knet,0,unknown,frozen,frozen,missing,,,,,,,,,,,,,,,,,,,,,,,,,,,,,,,,,,
all_simple,C_shift_Rscale_v0,4a1a13ed64a8,split_knet,0,unknown,frozen,frozen,missing,,,,,,,,,,,,,,,,,,,,,,,,,,,,,,,,,,
all_simple,C_shift_Rscale_v0,508cb6e71eac,split_knet,0,unknown,frozen,frozen,missing,,,,,,,,,,,,,,,,,,,,,,,,,,,,,,,,,,
all_simple,C_shift_Rscale_v0,8473edfc005f,split_knet,0,unknown,frozen,frozen,missing,,,,,,,,,,,,,,,,,,,,,,,,,,,,,,,,,,
all_simple,C_shift_Rscale_v0,9735a20fb0d0,split_knet,0,unknown,frozen,frozen,missing,,,,,,,,,,,,,,,,,,,,,,,,,,,,,,,,,,
all_simple,C_shift_Rscale_v0,bf15c7c659d4,split_knet,0,unknown,frozen,frozen,missing,,,,,,,,,,,,,,,,,,,,,,,,,,,,,,,,,,
all_simple,C_shift_Rscale_v0,c691287ec1a5,split_knet,0,unknown,frozen,frozen,missing,,,,,,,,,,,,,,,,,,,,,,,,,,,,,,,,,,
all_simple,C_shift_Rscale_v0,d05f54caa972,split_knet,0,unknown,frozen,frozen,missing,,,,,,,,,,,,,,,,,,,,,,,,,,,,,,,,,,
all_simple,C_shift_Rscale_v0,d1e348ffdcd3,split_knet,0,unknown,frozen,frozen,missing,,,,,,,,,,,,,,,,,,,,,,,,,,,,,,,,,,
all_simple,C_shift_Rscale_v0,f415470c6bd6,split_knet,0,unknown,frozen,frozen,missing,,,,,,,,,,,,,,,,,,,,,,,,,,,,,,,,,,
all_simple,D_nclt_v0,191d5317adb5,adaptive_knet,0,unknown,budgeted,budgeted,missing,,,,,,,,,,,,,,,,,,,,,,,,,,,,,,,,,,
all_simple,D_nclt_v0,21440eb42dca,adaptive_knet,0,unknown,budgeted,budgeted,missing,,,,,,,,,,,,,,,,,,,,,,,,,,,,,,,,,,
all_simple,D_nclt_v0,3a5e31f570de,adaptive_knet,0,unknown,budgeted,budgeted,missing,,,,,,,,,,,,,,,,,,,,,,,,,,,,,,,,,,
all_simple,D_nclt_v0,481d07f95bc9,adaptive_knet,0,unknown,budgeted,budgeted,missing,,,,,,,,,,,,,,,,,,,,,,,,,,,,,,,,,,
all_simple,D_nclt_v0,64dbd5f13374,adaptive_knet,0,unknown,budgeted,budgeted,missing,,,,,,,,,,,,,,,,,,,,,,,,,,,,,,,,,,
all_simple,D_nclt_v0,77f0306d68fb,adaptive_knet,0,unknown,budgeted,budgeted,missing,,,,,,,,,,,,,,,,,,,,,,,,,,,,,,,,,,
all_simple,D_nclt_v0,7c1d0a5524c3,adaptive_knet,0,unknown,budgeted,budgeted,missing,,,,,,,,,,,,,,,,,,,,,,,,,,,,,,,,,,
all_simple,D_nclt_v0,86b5ce3b227c,adaptive_knet,0,unknown,budgeted,budgeted,missing,,,,,,,,,,,,,,,,,,,,,,,,,,,,,,,,,,
all_simple,D_nclt_v0,bf2cbb7a1b3e,adaptive_knet,0,unknown,budgeted,budgeted,missing,,,,,,,,,,,,,,,,,,,,,,,,,,,,,,,,,,
all_simple,D_nclt_v0,d7008d19cfc8,adaptive_knet,0,unknown,budgeted,budgeted,missing,,,,,,,,,,,,,,,,,,,,,,,,,,,,,,,,,,
all_simple,D_nclt_v0,ffb5103b105c,adaptive_knet,0,unknown,budgeted,budgeted,missing,,,,,,,,,,,,,,,,,,,,,,,,,,,,,,,,,,
all_simple,D_nclt_v0,191d5317adb5,adaptive_knet,0,unknown,frozen,frozen,missing,,,,,,,,,,,,,,,,,,,,,,,,,,,,,,,,,,
all_simple,D_nclt_v0,21440eb42dca,adaptive_knet,0,unknown,frozen,frozen,missing,,,,,,,,,,,,,,,,,,,,,,,,,,,,,,,,,,
all_simple,D_nclt_v0,3a5e31f570de,adaptive_knet,0,unknown,frozen,frozen,missing,,,,,,,,,,,,,,,,,,,,,,,,,,,,,,,,,,
all_simple,D_nclt_v0,481d07f95bc9,adaptive_knet,0,unknown,frozen,frozen,missing,,,,,,,,,,,,,,,,,,,,,,,,,,,,,,,,,,
all_simple,D_nclt_v0,64dbd5f13374,adaptive_knet,0,unknown,frozen,frozen,missing,,,,,,,,,,,,,,,,,,,,,,,,,,,,,,,,,,
all_simple,D_nclt_v0,77f0306d68fb,adaptive_knet,0,unknown,frozen,frozen,missing,,,,,,,,,,,,,,,,,,,,,,,,,,,,,,,,,,
all_simple,D_nclt_v0,7c1d0a5524c3,adaptive_knet,0,unknown,frozen,frozen,missing,,,,,,,,,,,,,,,,,,,,,,,,,,,,,,,,,,
all_simple,D_nclt_v0,86b5ce3b227c,adaptive_knet,0,unknown,frozen,frozen,missing,,,,,,,,,,,,,,,,,,,,,,,,,,,,,,,,,,
all_simple,D_nclt_v0,bf2cbb7a1b3e,adaptive_knet,0,unknown,frozen,frozen,missing,,,,,,,,,,,,,,,,,,,,,,,,,,,,,,,,,,
all_simple,D_nclt_v0,d7008d19cfc8,adaptive_knet,0,unknown,frozen,frozen,missing,,,,,,,,,,,,,,,,,,,,,,,,,,,,,,,,,,
all_simple,D_nclt_v0,ffb5103b105c,adaptive_knet,0,unknown,frozen,frozen,missing,,,,,,,,,,,,,,,,,,,,,,,,,,,,,,,,,,
all_simple,D_nclt_v0,191d5317adb5,kalmannet_tsp,0,unknown,budgeted,budgeted,missing,,,,,,,,,,,,,,,,,,,,,,,,,,,,,,,,,,
all_simple,D_nclt_v0,21440eb42dca,kalmannet_tsp,0,unknown,budgeted,budgeted,missing,,,,,,,,,,,,,,,,,,,,,,,,,,,,,,,,,,
all_simple,D_nclt_v0,3a5e31f570de,kalmannet_tsp,0,unknown,budgeted,budgeted,missing,,,,,,,,,,,,,,,,,,,,,,,,,,,,,,,,,,
all_simple,D_nclt_v0,481d07f95bc9,kalmannet_tsp,0,unknown,budgeted,budgeted,missing,,,,,,,,,,,,,,,,,,,,,,,,,,,,,,,,,,
all_simple,D_nclt_v0,64dbd5f13374,kalmannet_tsp,0,unknown,budgeted,budgeted,missing,,,,,,,,,,,,,,,,,,,,,,,,,,,,,,,,,,
all_simple,D_nclt_v0,77f0306d68fb,kalmannet_tsp,0,unknown,budgeted,budgeted,missing,,,,,,,,,,,,,,,,,,,,,,,,,,,,,,,,,,
all_simple,D_nclt_v0,7c1d0a5524c3,kalmannet_tsp,0,unknown,budgeted,budgeted,missing,,,,,,,,,,,,,,,,,,,,,,,,,,,,,,,,,,
all_simple,D_nclt_v0,86b5ce3b227c,kalmannet_tsp,0,unknown,budgeted,budgeted,missing,,,,,,,,,,,,,,,,,,,,,,,,,,,,,,,,,,
all_simple,D_nclt_v0,bf2cbb7a1b3e,kalmannet_tsp,0,unknown,budgeted,budgeted,missing,,,,,,,,,,,,,,,,,,,,,,,,,,,,,,,,,,
all_simple,D_nclt_v0,d7008d19cfc8,kalmannet_tsp,0,unknown,budgeted,budgeted,missing,,,,,,,,,,,,,,,,,,,,,,,,,,,,,,,,,,
all_simple,D_nclt_v0,ffb5103b105c,kalmannet_tsp,0,unknown,budgeted,budgeted,missing,,,,,,,,,,,,,,,,,,,,,,,,,,,,,,,,,,
all_simple,D_nclt_v0,191d5317adb5,kalmannet_tsp,0,unknown,frozen,frozen,missing,,,,,,,,,,,,,,,,,,,,,,,,,,,,,,,,,,
all_simple,D_nclt_v0,21440eb42dca,kalmannet_tsp,0,unknown,frozen,frozen,missing,,,,,,,,,,,,,,,,,,,,,,,,,,,,,,,,,,
all_simple,D_nclt_v0,3a5e31f570de,kalmannet_tsp,0,unknown,frozen,frozen,missing,,,,,,,,,,,,,,,,,,,,,,,,,,,,,,,,,,
all_simple,D_nclt_v0,481d07f95bc9,kalmannet_tsp,0,unknown,frozen,frozen,missing,,,,,,,,,,,,,,,,,,,,,,,,,,,,,,,,,,
all_simple,D_nclt_v0,64dbd5f13374,kalmannet_tsp,0,unknown,frozen,frozen,missing,,,,,,,,,,,,,,,,,,,,,,,,,,,,,,,,,,
all_simple,D_nclt_v0,77f0306d68fb,kalmannet_tsp,0,unknown,frozen,frozen,missing,,,,,,,,,,,,,,,,,,,,,,,,,,,,,,,,,,
all_simple,D_nclt_v0,7c1d0a5524c3,kalmannet_tsp,0,unknown,frozen,frozen,missing,,,,,,,,,,,,,,,,,,,,,,,,,,,,,,,,,,
all_simple,D_nclt_v0,86b5ce3b227c,kalmannet_tsp,0,unknown,frozen,frozen,missing,,,,,,,,,,,,,,,,,,,,,,,,,,,,,,,,,,
all_simple,D_nclt_v0,bf2cbb7a1b3e,kalmannet_tsp,0,unknown,frozen,frozen,missing,,,,,,,,,,,,,,,,,,,,,,,,,,,,,,,,,,
all_simple,D_nclt_v0,d7008d19cfc8,kalmannet_tsp,0,unknown,frozen,frozen,missing,,,,,,,,,,,,,,,,,,,,,,,,,,,,,,,,,,
all_simple,D_nclt_v0,ffb5103b105c,kalmannet_tsp,0,unknown,frozen,frozen,missing,,,,,,,,,,,,,,,,,,,,,,,,,,,,,,,,,,
all_simple,D_nclt_v0,191d5317adb5,maml_knet,0,unknown,budgeted,budgeted,missing,,,,,,,,,,,,,,,,,,,,,,,,,,,,,,,,,,
all_simple,D_nclt_v0,21440eb42dca,maml_knet,0,unknown,budgeted,budgeted,missing,,,,,,,,,,,,,,,,,,,,,,,,,,,,,,,,,,
all_simple,D_nclt_v0,3a5e31f570de,maml_knet,0,unknown,budgeted,budgeted,missing,,,,,,,,,,,,,,,,,,,,,,,,,,,,,,,,,,
all_simple,D_nclt_v0,481d07f95bc9,maml_knet,0,unknown,budgeted,budgeted,missing,,,,,,,,,,,,,,,,,,,,,,,,,,,,,,,,,,
all_simple,D_nclt_v0,64dbd5f13374,maml_knet,0,unknown,budgeted,budgeted,missing,,,,,,,,,,,,,,,,,,,,,,,,,,,,,,,,,,
all_simple,D_nclt_v0,77f0306d68fb,maml_knet,0,unknown,budgeted,budgeted,missing,,,,,,,,,,,,,,,,,,,,,,,,,,,,,,,,,,
all_simple,D_nclt_v0,7c1d0a5524c3,maml_knet,0,unknown,budgeted,budgeted,missing,,,,,,,,,,,,,,,,,,,,,,,,,,,,,,,,,,
all_simple,D_nclt_v0,86b5ce3b227c,maml_knet,0,unknown,budgeted,budgeted,missing,,,,,,,,,,,,,,,,,,,,,,,,,,,,,,,,,,
all_simple,D_nclt_v0,bf2cbb7a1b3e,maml_knet,0,unknown,budgeted,budgeted,missing,,,,,,,,,,,,,,,,,,,,,,,,,,,,,,,,,,
all_simple,D_nclt_v0,d7008d19cfc8,maml_knet,0,unknown,budgeted,budgeted,missing,,,,,,,,,,,,,,,,,,,,,,,,,,,,,,,,,,
all_simple,D_nclt_v0,ffb5103b105c,maml_knet,0,unknown,budgeted,budgeted,missing,,,,,,,,,,,,,,,,,,,,,,,,,,,,,,,,,,
all_simple,D_nclt_v0,191d5317adb5,maml_knet,0,unknown,frozen,frozen,missing,,,,,,,,,,,,,,,,,,,,,,,,,,,,,,,,,,
all_simple,D_nclt_v0,21440eb42dca,maml_knet,0,unknown,frozen,frozen,missing,,,,,,,,,,,,,,,,,,,,,,,,,,,,,,,,,,
all_simple,D_nclt_v0,3a5e31f570de,maml_knet,0,unknown,frozen,frozen,missing,,,,,,,,,,,,,,,,,,,,,,,,,,,,,,,,,,
all_simple,D_nclt_v0,481d07f95bc9,maml_knet,0,unknown,frozen,frozen,missing,,,,,,,,,,,,,,,,,,,,,,,,,,,,,,,,,,
all_simple,D_nclt_v0,64dbd5f13374,maml_knet,0,unknown,frozen,frozen,missing,,,,,,,,,,,,,,,,,,,,,,,,,,,,,,,,,,
all_simple,D_nclt_v0,77f0306d68fb,maml_knet,0,unknown,frozen,frozen,missing,,,,,,,,,,,,,,,,,,,,,,,,,,,,,,,,,,
all_simple,D_nclt_v0,7c1d0a5524c3,maml_knet,0,unknown,frozen,frozen,missing,,,,,,,,,,,,,,,,,,,,,,,,,,,,,,,,,,
all_simple,D_nclt_v0,86b5ce3b227c,maml_knet,0,unknown,frozen,frozen,missing,,,,,,,,,,,,,,,,,,,,,,,,,,,,,,,,,,
all_simple,D_nclt_v0,bf2cbb7a1b3e,maml_knet,0,unknown,frozen,frozen,missing,,,,,,,,,,,,,,,,,,,,,,,,,,,,,,,,,,
all_simple,D_nclt_v0,d7008d19cfc8,maml_knet,0,unknown,frozen,frozen,missing,,,,,,,,,,,,,,,,,,,,,,,,,,,,,,,,,,
all_simple,D_nclt_v0,ffb5103b105c,maml_knet,0,unknown,frozen,frozen,missing,,,,,,,,,,,,,,,,,,,,,,,,,,,,,,,,,,
all_simple,D_nclt_v0,191d5317adb5,mb_kf_nominal,0,unknown,budgeted,budgeted,missing,,,,,,,,,,,,,,,,,,,,,,,,,,,,,,,,,,
all_simple,D_nclt_v0,21440eb42dca,mb_kf_nominal,0,unknown,budgeted,budgeted,missing,,,,,,,,,,,,,,,,,,,,,,,,,,,,,,,,,,
all_simple,D_nclt_v0,3a5e31f570de,mb_kf_nominal,0,unknown,budgeted,budgeted,missing,,,,,,,,,,,,,,,,,,,,,,,,,,,,,,,,,,
all_simple,D_nclt_v0,481d07f95bc9,mb_kf_nominal,0,unknown,budgeted,budgeted,missing,,,,,,,,,,,,,,,,,,,,,,,,,,,,,,,,,,
all_simple,D_nclt_v0,64dbd5f13374,mb_kf_nominal,0,unknown,budgeted,budgeted,missing,,,,,,,,,,,,,,,,,,,,,,,,,,,,,,,,,,
all_simple,D_nclt_v0,77f0306d68fb,mb_kf_nominal,0,unknown,budgeted,budgeted,missing,,,,,,,,,,,,,,,,,,,,,,,,,,,,,,,,,,
all_simple,D_nclt_v0,7c1d0a5524c3,mb_kf_nominal,0,unknown,budgeted,budgeted,missing,,,,,,,,,,,,,,,,,,,,,,,,,,,,,,,,,,
all_simple,D_nclt_v0,86b5ce3b227c,mb_kf_nominal,0,unknown,budgeted,budgeted,missing,,,,,,,,,,,,,,,,,,,,,,,,,,,,,,,,,,
all_simple,D_nclt_v0,bf2cbb7a1b3e,mb_kf_nominal,0,unknown,budgeted,budgeted,missing,,,,,,,,,,,,,,,,,,,,,,,,,,,,,,,,,,
all_simple,D_nclt_v0,d7008d19cfc8,mb_kf_nominal,0,unknown,budgeted,budgeted,missing,,,,,,,,,,,,,,,,,,,,,,,,,,,,,,,,,,
all_simple,D_nclt_v0,ffb5103b105c,mb_kf_nominal,0,unknown,budgeted,budgeted,missing,,,,,,,,,,,,,,,,,,,,,,,,,,,,,,,,,,
all_simple,D_nclt_v0,191d5317adb5,mb_kf_nominal,0,unknown,frozen,frozen,missing,,,,,,,,,,,,,,,,,,,,,,,,,,,,,,,,,,
all_simple,D_nclt_v0,21440eb42dca,mb_kf_nominal,0,unknown,frozen,frozen,missing,,,,,,,,,,,,,,,,,,,,,,,,,,,,,,,,,,
all_simple,D_nclt_v0,3a5e31f570de,mb_kf_nominal,0,unknown,frozen,frozen,missing,,,,,,,,,,,,,,,,,,,,,,,,,,,,,,,,,,
all_simple,D_nclt_v0,481d07f95bc9,mb_kf_nominal,0,unknown,frozen,frozen,missing,,,,,,,,,,,,,,,,,,,,,,,,,,,,,,,,,,
all_simple,D_nclt_v0,64dbd5f13374,mb_kf_nominal,0,unknown,frozen,frozen,missing,,,,,,,,,,,,,,,,,,,,,,,,,,,,,,,,,,
all_simple,D_nclt_v0,77f0306d68fb,mb_kf_nominal,0,unknown,frozen,frozen,missing,,,,,,,,,,,,,,,,,,,,,,,,,,,,,,,,,,
all_simple,D_nclt_v0,7c1d0a5524c3,mb_kf_nominal,0,unknown,frozen,frozen,missing,,,,,,,,,,,,,,,,,,,,,,,,,,,,,,,,,,
all_simple,D_nclt_v0,86b5ce3b227c,mb_kf_nominal,0,unknown,frozen,frozen,missing,,,,,,,,,,,,,,,,,,,,,,,,,,,,,,,,,,
all_simple,D_nclt_v0,bf2cbb7a1b3e,mb_kf_nominal,0,unknown,frozen,frozen,missing,,,,,,,,,,,,,,,,,,,,,,,,,,,,,,,,,,
all_simple,D_nclt_v0,d7008d19cfc8,mb_kf_nominal,0,unknown,frozen,frozen,missing,,,,,,,,,,,,,,,,,,,,,,,,,,,,,,,,,,
all_simple,D_nclt_v0,ffb5103b105c,mb_kf_nominal,0,unknown,frozen,frozen,missing,,,,,,,,,,,,,,,,,,,,,,,,,,,,,,,,,,
all_simple,D_nclt_v0,191d5317adb5,mb_kf_oracle,0,unknown,budgeted,budgeted,missing,,,,,,,,,,,,,,,,,,,,,,,,,,,,,,,,,,
all_simple,D_nclt_v0,21440eb42dca,mb_kf_oracle,0,unknown,budgeted,budgeted,missing,,,,,,,,,,,,,,,,,,,,,,,,,,,,,,,,,,
all_simple,D_nclt_v0,3a5e31f570de,mb_kf_oracle,0,unknown,budgeted,budgeted,missing,,,,,,,,,,,,,,,,,,,,,,,,,,,,,,,,,,
all_simple,D_nclt_v0,481d07f95bc9,mb_kf_oracle,0,unknown,budgeted,budgeted,missing,,,,,,,,,,,,,,,,,,,,,,,,,,,,,,,,,,
all_simple,D_nclt_v0,64dbd5f13374,mb_kf_oracle,0,unknown,budgeted,budgeted,missing,,,,,,,,,,,,,,,,,,,,,,,,,,,,,,,,,,
all_simple,D_nclt_v0,77f0306d68fb,mb_kf_oracle,0,unknown,budgeted,budgeted,missing,,,,,,,,,,,,,,,,,,,,,,,,,,,,,,,,,,
all_simple,D_nclt_v0,7c1d0a5524c3,mb_kf_oracle,0,unknown,budgeted,budgeted,missing,,,,,,,,,,,,,,,,,,,,,,,,,,,,,,,,,,
all_simple,D_nclt_v0,86b5ce3b227c,mb_kf_oracle,0,unknown,budgeted,budgeted,missing,,,,,,,,,,,,,,,,,,,,,,,,,,,,,,,,,,
all_simple,D_nclt_v0,bf2cbb7a1b3e,mb_kf_oracle,0,unknown,budgeted,budgeted,missing,,,,,,,,,,,,,,,,,,,,,,,,,,,,,,,,,,
all_simple,D_nclt_v0,d7008d19cfc8,mb_kf_oracle,0,unknown,budgeted,budgeted,missing,,,,,,,,,,,,,,,,,,,,,,,,,,,,,,,,,,
all_simple,D_nclt_v0,ffb5103b105c,mb_kf_oracle,0,unknown,budgeted,budgeted,missing,,,,,,,,,,,,,,,,,,,,,,,,,,,,,,,,,,
all_simple,D_nclt_v0,191d5317adb5,mb_kf_oracle,0,unknown,frozen,frozen,missing,,,,,,,,,,,,,,,,,,,,,,,,,,,,,,,,,,
all_simple,D_nclt_v0,21440eb42dca,mb_kf_oracle,0,unknown,frozen,frozen,missing,,,,,,,,,,,,,,,,,,,,,,,,,,,,,,,,,,
all_simple,D_nclt_v0,3a5e31f570de,mb_kf_oracle,0,unknown,frozen,frozen,missing,,,,,,,,,,,,,,,,,,,,,,,,,,,,,,,,,,
all_simple,D_nclt_v0,481d07f95bc9,mb_kf_oracle,0,unknown,frozen,frozen,missing,,,,,,,,,,,,,,,,,,,,,,,,,,,,,,,,,,
all_simple,D_nclt_v0,64dbd5f13374,mb_kf_oracle,0,unknown,frozen,frozen,missing,,,,,,,,,,,,,,,,,,,,,,,,,,,,,,,,,,
all_simple,D_nclt_v0,77f0306d68fb,mb_kf_oracle,0,unknown,frozen,frozen,missing,,,,,,,,,,,,,,,,,,,,,,,,,,,,,,,,,,
all_simple,D_nclt_v0,7c1d0a5524c3,mb_kf_oracle,0,unknown,frozen,frozen,missing,,,,,,,,,,,,,,,,,,,,,,,,,,,,,,,,,,
all_simple,D_nclt_v0,86b5ce3b227c,mb_kf_oracle,0,unknown,frozen,frozen,missing,,,,,,,,,,,,,,,,,,,,,,,,,,,,,,,,,,
all_simple,D_nclt_v0,bf2cbb7a1b3e,mb_kf_oracle,0,unknown,frozen,frozen,missing,,,,,,,,,,,,,,,,,,,,,,,,,,,,,,,,,,
all_simple,D_nclt_v0,d7008d19cfc8,mb_kf_oracle,0,unknown,frozen,frozen,missing,,,,,,,,,,,,,,,,,,,,,,,,,,,,,,,,,,
all_simple,D_nclt_v0,ffb5103b105c,mb_kf_oracle,0,unknown,frozen,frozen,missing,,,,,,,,,,,,,,,,,,,,,,,,,,,,,,,,,,
all_simple,D_nclt_v0,191d5317adb5,split_knet,0,unknown,budgeted,budgeted,missing,,,,,,,,,,,,,,,,,,,,,,,,,,,,,,,,,,
all_simple,D_nclt_v0,21440eb42dca,split_knet,0,unknown,budgeted,budgeted,missing,,,,,,,,,,,,,,,,,,,,,,,,,,,,,,,,,,
all_simple,D_nclt_v0,3a5e31f570de,split_knet,0,unknown,budgeted,budgeted,missing,,,,,,,,,,,,,,,,,,,,,,,,,,,,,,,,,,
all_simple,D_nclt_v0,481d07f95bc9,split_knet,0,unknown,budgeted,budgeted,missing,,,,,,,,,,,,,,,,,,,,,,,,,,,,,,,,,,
all_simple,D_nclt_v0,64dbd5f13374,split_knet,0,unknown,budgeted,budgeted,missing,,,,,,,,,,,,,,,,,,,,,,,,,,,,,,,,,,
all_simple,D_nclt_v0,77f0306d68fb,split_knet,0,unknown,budgeted,budgeted,missing,,,,,,,,,,,,,,,,,,,,,,,,,,,,,,,,,,
all_simple,D_nclt_v0,7c1d0a5524c3,split_knet,0,unknown,budgeted,budgeted,missing,,,,,,,,,,,,,,,,,,,,,,,,,,,,,,,,,,
all_simple,D_nclt_v0,86b5ce3b227c,split_knet,0,unknown,budgeted,budgeted,missing,,,,,,,,,,,,,,,,,,,,,,,,,,,,,,,,,,
all_simple,D_nclt_v0,bf2cbb7a1b3e,split_knet,0,unknown,budgeted,budgeted,missing,,,,,,,,,,,,,,,,,,,,,,,,,,,,,,,,,,
all_simple,D_nclt_v0,d7008d19cfc8,split_knet,0,unknown,budgeted,budgeted,missing,,,,,,,,,,,,,,,,,,,,,,,,,,,,,,,,,,
all_simple,D_nclt_v0,ffb5103b105c,split_knet,0,unknown,budgeted,budgeted,missing,,,,,,,,,,,,,,,,,,,,,,,,,,,,,,,,,,
all_simple,D_nclt_v0,191d5317adb5,split_knet,0,unknown,frozen,frozen,missing,,,,,,,,,,,,,,,,,,,,,,,,,,,,,,,,,,
all_simple,D_nclt_v0,21440eb42dca,split_knet,0,unknown,frozen,frozen,missing,,,,,,,,,,,,,,,,,,,,,,,,,,,,,,,,,,
all_simple,D_nclt_v0,3a5e31f570de,split_knet,0,unknown,frozen,frozen,missing,,,,,,,,,,,,,,,,,,,,,,,,,,,,,,,,,,
all_simple,D_nclt_v0,481d07f95bc9,split_knet,0,unknown,frozen,frozen,missing,,,,,,,,,,,,,,,,,,,,,,,,,,,,,,,,,,
all_simple,D_nclt_v0,64dbd5f13374,split_knet,0,unknown,frozen,frozen,missing,,,,,,,,,,,,,,,,,,,,,,,,,,,,,,,,,,
all_simple,D_nclt_v0,77f0306d68fb,split_knet,0,unknown,frozen,frozen,missing,,,,,,,,,,,,,,,,,,,,,,,,,,,,,,,,,,
all_simple,D_nclt_v0,7c1d0a5524c3,split_knet,0,unknown,frozen,frozen,missing,,,,,,,,,,,,,,,,,,,,,,,,,,,,,,,,,,
all_simple,D_nclt_v0,86b5ce3b227c,split_knet,0,unknown,frozen,frozen,missing,,,,,,,,,,,,,,,,,,,,,,,,,,,,,,,,,,
all_simple,D_nclt_v0,bf2cbb7a1b3e,split_knet,0,unknown,frozen,frozen,missing,,,,,,,,,,,,,,,,,,,,,,,,,,,,,,,,,,
all_simple,D_nclt_v0,d7008d19cfc8,split_knet,0,unknown,frozen,frozen,missing,,,,,,,,,,,,,,,,,,,,,,,,,,,,,,,,,,
all_simple,D_nclt_v0,ffb5103b105c,split_knet,0,unknown,frozen,frozen,missing,,,,,,,,,,,,,,,,,,,,,,,,,,,,,,,,,,
