suite,task_id,scenario_id,model_id,init_id,track_id,track,n_success,n_total,fail_count,fail_rate,failure_type,x_dim,y_dim,T,q2,r2,inv_r2_db,mse_mean,mse_std,mse_sem,mse_ci95,mse_db_mean,mse_db_std,mse_db_sem,mse_db_ci95,rmse_mean,rmse_std,rmse_sem,rmse_ci95,timing_ms_per_step_mean,timing_ms_per_step_std,timing_ms_per_step_sem,timing_ms_per_step_ci95,recovery_k_mean,recovery_k_std,recovery_k_sem,recovery_k_ci95,nll_mean,nll_std,nll_sem,nll_ci95,train_time_s_mean,train_time_s_median,eval_time_s_mean,eval_time_s_median,adapt_time_s_mean,adapt_time_s_median,total_time_s_mean,total_time_s_median,train_updates_used_mean,train_updates_used_median,adapt_updates_used_mean,adapt_updates_used_median,adapt_updates_per_step_max_mean,adapt_updates_per_step_max_median,cache_enabled_rate,cache_hit_rate,train_skipped_rate,severity_r_scale_mean,t0_mean
shift,C_shift_Rscale_v0,080cb40977a4,adaptive_knet,trained,budgeted,budgeted,0,2,2,1.0,runtime_error|train_nan,,,,,,,,,,,,,,,,,,,,,,,,,,,,,,,,,,,,,,,,,,,,,0.0,,,,
shift,C_shift_Rscale_v0,080cb40977a4,adaptive_knet,trained,frozen,frozen,0,1,1,1.0,runtime_error,,,,,,,,,,,,,,,,,,,,,,,,,,,,,,,,,,,,,,,,,,,,,0.0,,,,
shift,C_shift_Rscale_v0,080cb40977a4,kalmannet_tsp,trained,budgeted,budgeted,0,1,1,1.0,runtime_error,,,,,,,,,,,,,,,,,,,,,,,,,,,,,,,,,,,,,,,,,,,,,0.0,,,,
shift,C_shift_Rscale_v0,080cb40977a4,kalmannet_tsp,trained,frozen,frozen,0,1,1,1.0,runtime_error,,,,,,,,,,,,,,,,,,,,,,,,,,,,,,,,,,,,,,,,,,,,,0.0,,,,
shift,C_shift_Rscale_v0,080cb40977a4,my_model,trained,budgeted,budgeted,0,1,1,1.0,runtime_error,,,,,,,,,,,,,,,,,,,,,,,,,,,,,,,,,,,,,,,,,,,,,0.0,,,,
shift,C_shift_Rscale_v0,080cb40977a4,my_model,trained,frozen,frozen,0,1,1,1.0,runtime_error,,,,,,,,,,,,,,,,,,,,,,,,,,,,,,,,,,,,,,,,,,,,,0.0,,,,
shift,C_shift_Rscale_v0,3211e34db732,adaptive_knet,unknown,frozen,frozen,0,3,3,1.0,,,,,,,,,,,,,,,,,,,,,,,,,,,,,,,,,,,,,,,,,,,,,,,,,,
shift,C_shift_Rscale_v0,3211e34db732,kalmannet_tsp,unknown,frozen,frozen,0,3,3,1.0,,,,,,,,,,,,,,,,,,,,,,,,,,,,,,,,,,,,,,,,,,,,,,,,,,
shift,C_shift_Rscale_v0,339fdebda713,adaptive_knet,trained,budgeted,budgeted,0,2,2,1.0,io_error,,,,,,,,,,,,,,,,,,,,,,,,,,,,,,,,,,,,,,,,,,,,,,,,,
shift,C_shift_Rscale_v0,339fdebda713,adaptive_knet,trained,frozen,frozen,0,2,2,1.0,io_error,,,,,,,,,,,,,,,,,,,,,,,,,,,,,,,,,,,,,,,,,,,,,,,,,
shift,C_shift_Rscale_v0,339fdebda713,adaptive_knet,unknown,budgeted,budgeted,0,1,1,1.0,,,,,,,,,,,,,,,,,,,,,,,,,,,,,,,,,,,,,,,,,,,,,,,,,,
shift,C_shift_Rscale_v0,339fdebda713,adaptive_knet,unknown,frozen,frozen,0,1,1,1.0,,,,,,,,,,,,,,,,,,,,,,,,,,,,,,,,,,,,,,,,,,,,,,,,,,
shift,C_shift_Rscale_v0,339fdebda713,adaptive_knet,untrained,frozen,frozen,0,1,1,1.0,io_error,,,,,,,,,,,,,,,,,,,,,,,,,,,,,,,,,,,,,,,,,,,,,,,,,
shift,C_shift_Rscale_v0,339fdebda713,kalmannet_tsp,trained,budgeted,budgeted,0,2,2,1.0,io_error,,,,,,,,,,,,,,,,,,,,,,,,,,,,,,,,,,,,,,,,,,,,,,,,,
shift,C_shift_Rscale_v0,339fdebda713,kalmannet_tsp,trained,frozen,frozen,0,2,2,1.0,io_error,,,,,,,,,,,,,,,,,,,,,,,,,,,,,,,,,,,,,,,,,,,,,,,,,
shift,C_shift_Rscale_v0,339fdebda713,kalmannet_tsp,unknown,budgeted,budgeted,0,1,1,1.0,,,,,,,,,,,,,,,,,,,,,,,,,,,,,,,,,,,,,,,,,,,,,,,,,,
shift,C_shift_Rscale_v0,339fdebda713,kalmannet_tsp,unknown,frozen,frozen,0,1,1,1.0,,,,,,,,,,,,,,,,,,,,,,,,,,,,,,,,,,,,,,,,,,,,,,,,,,
shift,C_shift_Rscale_v0,339fdebda713,my_model,trained,budgeted,budgeted,0,2,2,1.0,io_error,,,,,,,,,,,,,,,,,,,,,,,,,,,,,,,,,,,,,,,,,,,,,,,,,
shift,C_shift_Rscale_v0,339fdebda713,my_model,trained,frozen,frozen,0,2,2,1.0,io_error,,,,,,,,,,,,,,,,,,,,,,,,,,,,,,,,,,,,,,,,,,,,,,,,,
shift,C_shift_Rscale_v0,339fdebda713,my_model,unknown,budgeted,budgeted,0,1,1,1.0,,,,,,,,,,,,,,,,,,,,,,,,,,,,,,,,,,,,,,,,,,,,,,,,,,
shift,C_shift_Rscale_v0,339fdebda713,my_model,unknown,frozen,frozen,0,1,1,1.0,,,,,,,,,,,,,,,,,,,,,,,,,,,,,,,,,,,,,,,,,,,,,,,,,,
shift,C_shift_Rscale_v0,4c92537d0279,adaptive_knet,trained,budgeted,budgeted,0,2,2,1.0,runtime_error|train_nan,,,,,,,,,,,,,,,,,,,,,,,,,,,,,,,,,,,,,,,,,,,,,0.0,,,,
shift,C_shift_Rscale_v0,4c92537d0279,adaptive_knet,trained,frozen,frozen,0,1,1,1.0,runtime_error,,,,,,,,,,,,,,,,,,,,,,,,,,,,,,,,,,,,,,,,,,,,,0.0,,,,
shift,C_shift_Rscale_v0,4c92537d0279,adaptive_knet,unknown,frozen,frozen,1,1,0,0.0,,5,5,200,0.001,0.001,30.0,inf,0.0,0.0,0.0,inf,0.0,0.0,0.0,inf,0.0,0.0,0.0,0.026133170220018657,0.0,0.0,0.0,0.0,0.0,0.0,0.0,,,,,,,2.7731380220029678,2.7731380220029678,,,2.7731380220029678,2.7731380220029678,,,,,0.0,0.0,,,,3.0,100.0
shift,C_shift_Rscale_v0,4c92537d0279,kalmannet_tsp,trained,budgeted,budgeted,0,1,1,1.0,runtime_error,,,,,,,,,,,,,,,,,,,,,,,,,,,,,,,,,,,,,,,,,,,,,0.0,,,,
shift,C_shift_Rscale_v0,4c92537d0279,kalmannet_tsp,trained,frozen,frozen,0,1,1,1.0,runtime_error,,,,,,,,,,,,,,,,,,,,,,,,,,,,,,,,,,,,,,,,,,,,,0.0,,,,
shift,C_shift_Rscale_v0,4c92537d0279,kalmannet_tsp,untrained,frozen,frozen,1,1,0,0.0,,5,5,200,0.001,0.001,30.0,1280919906287616.0,0.0,0.0,0.0,151.07521974908775,0.0,0.0,0.0,35789941.41218474,0.0,0.0,0.0,0.03231398036004975,0.0,0.0,0.0,100.0,0.0,0.0,0.0,,,,,,,3.2313980360049754,3.2313980360049754,,,3.2313980360049754,3.2313980360049754,0.0,0.0,0.0,0.0,0.0,0.0,0.0,,,3.0,100.0
shift,C_shift_Rscale_v0,4c92537d0279,maml_knet,unknown,frozen,frozen,1,1,0,0.0,,5,5,200,0.001,0.001,30.0,nan,0.0,0.0,0.0,nan,0.0,0.0,0.0,nan,0.0,0.0,0.0,0.01591563308989862,0.0,0.0,0.0,100.0,0.0,0.0,0.0,,,,,,,1.695713483990403,1.695713483990403,,,1.695713483990403,1.695713483990403,,,,,0.0,0.0,,,,3.0,100.0
shift,C_shift_Rscale_v0,4c92537d0279,my_model,trained,budgeted,budgeted,0,1,1,1.0,runtime_error,,,,,,,,,,,,,,,,,,,,,,,,,,,,,,,,,,,,,,,,,,,,,0.0,,,,
shift,C_shift_Rscale_v0,4c92537d0279,my_model,trained,frozen,frozen,0,1,1,1.0,runtime_error,,,,,,,,,,,,,,,,,,,,,,,,,,,,,,,,,,,,,,,,,,,,,0.0,,,,
shift,C_shift_Rscale_v0,9929a388f02b,adaptive_knet,unknown,frozen,frozen,0,3,3,1.0,,,,,,,,,,,,,,,,,,,,,,,,,,,,,,,,,,,,,,,,,,,,,,,,,,
shift,C_shift_Rscale_v0,9929a388f02b,kalmannet_tsp,unknown,frozen,frozen,0,3,3,1.0,,,,,,,,,,,,,,,,,,,,,,,,,,,,,,,,,,,,,,,,,,,,,,,,,,
shift,C_shift_Rscale_v0,b82eac38c3a2,adaptive_knet,trained,budgeted,budgeted,0,2,2,1.0,io_error,,,,,,,,,,,,,,,,,,,,,,,,,,,,,,,,,,,,,,,,,,,,,,,,,
shift,C_shift_Rscale_v0,b82eac38c3a2,adaptive_knet,trained,frozen,frozen,0,2,2,1.0,io_error,,,,,,,,,,,,,,,,,,,,,,,,,,,,,,,,,,,,,,,,,,,,,,,,,
shift,C_shift_Rscale_v0,b82eac38c3a2,adaptive_knet,unknown,budgeted,budgeted,0,1,1,1.0,,,,,,,,,,,,,,,,,,,,,,,,,,,,,,,,,,,,,,,,,,,,,,,,,,
shift,C_shift_Rscale_v0,b82eac38c3a2,adaptive_knet,unknown,frozen,frozen,0,1,1,1.0,,,,,,,,,,,,,,,,,,,,,,,,,,,,,,,,,,,,,,,,,,,,,,,,,,
shift,C_shift_Rscale_v0,b82eac38c3a2,adaptive_knet,untrained,frozen,frozen,0,1,1,1.0,io_error,,,,,,,,,,,,,,,,,,,,,,,,,,,,,,,,,,,,,,,,,,,,,,,,,
shift,C_shift_Rscale_v0,b82eac38c3a2,kalmannet_tsp,trained,budgeted,budgeted,0,2,2,1.0,io_error,,,,,,,,,,,,,,,,,,,,,,,,,,,,,,,,,,,,,,,,,,,,,,,,,
shift,C_shift_Rscale_v0,b82eac38c3a2,kalmannet_tsp,trained,frozen,frozen,0,2,2,1.0,io_error,,,,,,,,,,,,,,,,,,,,,,,,,,,,,,,,,,,,,,,,,,,,,,,,,
shift,C_shift_Rscale_v0,b82eac38c3a2,kalmannet_tsp,unknown,budgeted,budgeted,0,1,1,1.0,,,,,,,,,,,,,,,,,,,,,,,,,,,,,,,,,,,,,,,,,,,,,,,,,,
shift,C_shift_Rscale_v0,b82eac38c3a2,kalmannet_tsp,unknown,frozen,frozen,0,1,1,1.0,,,,,,,,,,,,,,,,,,,,,,,,,,,,,,,,,,,,,,,,,,,,,,,,,,
shift,C_shift_Rscale_v0,b82eac38c3a2,my_model,trained,budgeted,budgeted,0,2,2,1.0,io_error,,,,,,,,,,,,,,,,,,,,,,,,,,,,,,,,,,,,,,,,,,,,,,,,,
shift,C_shift_Rscale_v0,b82eac38c3a2,my_model,trained,frozen,frozen,0,2,2,1.0,io_error,,,,,,,,,,,,,,,,,,,,,,,,,,,,,,,,,,,,,,,,,,,,,,,,,
shift,C_shift_Rscale_v0,b82eac38c3a2,my_model,unknown,budgeted,budgeted,0,1,1,1.0,,,,,,,,,,,,,,,,,,,,,,,,,,,,,,,,,,,,,,,,,,,,,,,,,,
shift,C_shift_Rscale_v0,b82eac38c3a2,my_model,unknown,frozen,frozen,0,1,1,1.0,,,,,,,,,,,,,,,,,,,,,,,,,,,,,,,,,,,,,,,,,,,,,,,,,,
shift,C_shift_Rscale_v0,f46f1dd56990,adaptive_knet,trained,budgeted,budgeted,0,2,2,1.0,io_error,,,,,,,,,,,,,,,,,,,,,,,,,,,,,,,,,,,,,,,,,,,,,,,,,
shift,C_shift_Rscale_v0,f46f1dd56990,adaptive_knet,trained,frozen,frozen,0,2,2,1.0,io_error,,,,,,,,,,,,,,,,,,,,,,,,,,,,,,,,,,,,,,,,,,,,,,,,,
shift,C_shift_Rscale_v0,f46f1dd56990,adaptive_knet,unknown,budgeted,budgeted,0,1,1,1.0,,,,,,,,,,,,,,,,,,,,,,,,,,,,,,,,,,,,,,,,,,,,,,,,,,
shift,C_shift_Rscale_v0,f46f1dd56990,adaptive_knet,unknown,frozen,frozen,0,1,1,1.0,,,,,,,,,,,,,,,,,,,,,,,,,,,,,,,,,,,,,,,,,,,,,,,,,,
shift,C_shift_Rscale_v0,f46f1dd56990,adaptive_knet,untrained,frozen,frozen,0,1,1,1.0,io_error,,,,,,,,,,,,,,,,,,,,,,,,,,,,,,,,,,,,,,,,,,,,,,,,,
shift,C_shift_Rscale_v0,f46f1dd56990,kalmannet_tsp,trained,budgeted,budgeted,0,2,2,1.0,io_error,,,,,,,,,,,,,,,,,,,,,,,,,,,,,,,,,,,,,,,,,,,,,,,,,
shift,C_shift_Rscale_v0,f46f1dd56990,kalmannet_tsp,trained,frozen,frozen,0,2,2,1.0,io_error,,,,,,,,,,,,,,,,,,,,,,,,,,,,,,,,,,,,,,,,,,,,,,,,,
shift,C_shift_Rscale_v0,f46f1dd56990,kalmannet_tsp,unknown,budgeted,budgeted,0,1,1,1.0,,,,,,,,,,,,,,,,,,,,,,,,,,,,,,,,,,,,,,,,,,,,,,,,,,
shift,C_shift_Rscale_v0,f46f1dd56990,kalmannet_tsp,unknown,frozen,frozen,0,1,1,1.0,,,,,,,,,,,,,,,,,,,,,,,,,,,,,,,,,,,,,,,,,,,,,,,,,,
shift,C_shift_Rscale_v0,f46f1dd56990,my_model,trained,budgeted,budgeted,0,2,2,1.0,io_error,,,,,,,,,,,,,,,,,,,,,,,,,,,,,,,,,,,,,,,,,,,,,,,,,
shift,C_shift_Rscale_v0,f46f1dd56990,my_model,trained,frozen,frozen,0,2,2,1.0,io_error,,,,,,,,,,,,,,,,,,,,,,,,,,,,,,,,,,,,,,,,,,,,,,,,,
shift,C_shift_Rscale_v0,f46f1dd56990,my_model,unknown,budgeted,budgeted,0,1,1,1.0,,,,,,,,,,,,,,,,,,,,,,,,,,,,,,,,,,,,,,,,,,,,,,,,,,
shift,C_shift_Rscale_v0,f46f1dd56990,my_model,unknown,frozen,frozen,0,1,1,1.0,,,,,,,,,,,,,,,,,,,,,,,,,,,,,,,,,,,,,,,,,,,,,,,,,,
shift,C_shift_Rscale_v0,f5bf58828b48,adaptive_knet,unknown,frozen,frozen,0,3,3,1.0,,,,,,,,,,,,,,,,,,,,,,,,,,,,,,,,,,,,,,,,,,,,,,,,,,
shift,C_shift_Rscale_v0,f5bf58828b48,kalmannet_tsp,unknown,frozen,frozen,0,3,3,1.0,,,,,,,,,,,,,,,,,,,,,,,,,,,,,,,,,,,,,,,,,,,,,,,,,,
shift,C_shift_Rscale_v0,ff58a3daaa87,adaptive_knet,trained,budgeted,budgeted,0,2,2,1.0,runtime_error|train_nan,,,,,,,,,,,,,,,,,,,,,,,,,,,,,,,,,,,,,,,,,,,,,0.0,,,,
shift,C_shift_Rscale_v0,ff58a3daaa87,adaptive_knet,trained,frozen,frozen,0,1,1,1.0,runtime_error,,,,,,,,,,,,,,,,,,,,,,,,,,,,,,,,,,,,,,,,,,,,,0.0,,,,
shift,C_shift_Rscale_v0,ff58a3daaa87,kalmannet_tsp,trained,budgeted,budgeted,0,1,1,1.0,runtime_error,,,,,,,,,,,,,,,,,,,,,,,,,,,,,,,,,,,,,,,,,,,,,0.0,,,,
shift,C_shift_Rscale_v0,ff58a3daaa87,kalmannet_tsp,trained,frozen,frozen,0,1,1,1.0,runtime_error,,,,,,,,,,,,,,,,,,,,,,,,,,,,,,,,,,,,,,,,,,,,,0.0,,,,
shift,C_shift_Rscale_v0,ff58a3daaa87,my_model,trained,budgeted,budgeted,0,1,1,1.0,runtime_error,,,,,,,,,,,,,,,,,,,,,,,,,,,,,,,,,,,,,,,,,,,,,0.0,,,,
shift,C_shift_Rscale_v0,ff58a3daaa87,my_model,trained,frozen,frozen,0,1,1,1.0,runtime_error,,,,,,,,,,,,,,,,,,,,,,,,,,,,,,,,,,,,,,,,,,,,,0.0,,,,
